src_gpu,dst_gpu,num_bytes,peer_access,warmup_iterations,measured_iterations,bandwidth_gbps_n,bandwidth_gbps_mean,bandwidth_gbps_std,bandwidth_gbps_ci95_halfwidth,bandwidth_gbps_min,bandwidth_gbps_max,bandwidth_gbps_p50,bandwidth_gbps_p95,latency_us_n,latency_us_mean,latency_us_std,latency_us_ci95_halfwidth,latency_us_min,latency_us_max,latency_us_p50,latency_us_p95
0,1,1048576,0,5,50,5,17.33297715789372,0.2181583649101759,0.2708359616454036,16.956658928811095,17.514277599760614,17.386951704006165,17.49990281153095,5,56.348544120788574,0.7192675792309979,0.8929454828908205,55.75808048248291,57.591681480407715,56.16640090942383,57.321088790893555
0,1,4194304,0,5,50,5,31.067145974677835,0.16326204137168393,0.20268410057665034,30.91593048233003,31.247201216565845,30.995372185104117,31.245569721359438,5,125.73849487304688,0.6597902418823028,0.819106453781969,125.0111961364746,126.35071754455565,126.02687835693361,126.3325424194336
0,1,16777216,0,5,50,5,37.9869041819092,0.10571758814111007,0.13124467933567066,37.90679703297873,38.16217807649952,37.94072983662329,38.13142682074333,5,411.32850646972656,1.1417528321128536,1.4174461124787425,409.4367980957031,412.19520568847656,411.82655334472656,412.1743392944336
0,1,67108864,0,5,50,5,39.543148050134704,0.04145092921251385,0.051459875393680535,39.50244662492292,39.603853176449476,39.52658804774264,39.59636945412666,5,1580.5533447265625,1.6559239764738036,2.055771561932182,1578.1292724609375,1582.1804809570312,1581.2141418457031,1582.068603515625
0,1,268435456,0,5,10,5,39.948588701389056,0.12887359948413143,0.15999205559392815,39.83323237660882,40.0996568498298,39.867605192205644,40.09528792134721,5,6258.095397949219,20.16614814134878,25.03556591467241,6234.467315673828,6276.166534423828,6270.755386352539,6275.177688598633
0,1,1073741824,0,5,10,5,40.349735666260024,0.05821124151034801,0.07226721551346095,40.25311257426382,40.39948990219263,40.36558646511139,40.397136149131256,5,24783.351135253906,35.80134024615479,44.446108760275834,24752.78778076172,24842.799377441406,24773.577880859375,24831.75750732422
0,2,1048576,0,5,50,5,17.021261631323302,0.12613094583818482,0.1565871472468837,16.86706324580442,17.19145225548412,17.03807535637905,17.16832737404875,5,57.3756160736084,0.4248878363576329,0.5274833527411846,56.80511951446533,57.89760112762451,57.31647968292236,57.85190486907959
0,2,4194304,0,5,50,5,31.27006697787877,0.10718465108045318,0.13306598654126378,31.14165804999696,31.392003117127814,31.24896052957223,31.386969676058285,5,124.92095756530762,0.42811728696236245,0.5314926024459959,124.43455696105957,125.43487548828125,125.00415802001952,125.3872604370117
0,2,16777216,0,5,50,5,37.87666944561251,0.1627740343378509,0.2020782569531326,37.726673200061896,38.06032468541924,37.81959682980184,38.056339618314496,5,412.52915954589844,1.7709601091302245,2.1985848875857643,410.5324935913086,414.1632080078125,413.1455993652344,414.14196014404297
0,2,67108864,0,5,50,5,39.43473933825587,0.0454635325585628,0.056441381770372494,39.39156193505662,39.510372340887315,39.42411531553729,39.495639065591256,5,1584.898681640625,1.825310945930017,2.266059545992583,1581.8630981445312,1586.6342163085938,1585.3240966796875,1586.4781799316406
0,2,268435456,0,5,10,5,39.867899687193294,0.07282806696455338,0.09041349186515023,39.801352769854944,39.984154228917944,39.87047449490565,39.9618374513935,5,6270.725784301758,11.440216742264445,14.202628004196749,6252.47688293457,6281.193542480469,6270.304107666016,6280.890808105469
0,2,1073741824,0,5,10,5,40.31328028624358,0.019412503931783627,0.02409994305042831,40.294711644966306,40.338169469675805,40.302356226682065,40.336526646731855,5,24805.726013183594,11.942897584569879,14.826688646485524,24790.415954589844,24817.152404785156,24812.445068359375,24816.35223388672
0,3,1048576,0,5,50,5,17.370447500251206,0.1318831521974276,0.16372830977590144,17.276903546961794,17.600947838542588,17.320441444602626,17.551464989252906,5,56.22233581542969,0.42303428881669247,0.5251822384524304,55.48351764678955,56.52416229248047,56.382079124450684,56.50880146026611
0,3,4194304,0,5,50,5,31.23251575612755,0.06891425551340284,0.08555463216244026,31.139273975967566,31.32964353351874,31.23185020423845,31.31405101509416,5,125.07046318054199,0.2759216907431361,0.342547105548815,124.68223571777344,125.44447898864746,125.07264137268068,125.38751983642578
0,3,16777216,0,5,50,5,37.97885211721798,0.069369737237626,0.08612009675437869,37.90214934612778,38.08573791396156,37.96728213954533,38.068215507859136,5,411.41426849365234,0.7507251216758338,0.9319989189694974,410.25856018066406,412.2457504272461,411.5385437011719,412.1613998413086
0,3,67108864,0,5,50,5,39.48980713271984,0.04629003272460376,0.057467452750332194,39.423762422551704,39.55060241766576,39.499780031742546,39.54080820834954,5,1582.6886291503906,1.8555923075695413,2.3036527948370615,1580.2540588378906,1585.3382873535156,1582.2872924804688,1584.9407043457031
0,3,268435456,0,5,10,5,39.942603403761794,0.08576951983984137,0.10647985189682008,39.82738387883082,40.02069429455954,39.971492499398465,40.01945248047019,5,6259.004211425781,13.450582493934963,16.698426603699694,6246.7681884765625,6277.088165283203,6254.457473754883,6275.4644775390625
0,3,1073741824,0,5,10,5,40.4012775298842,0.08931886721632308,0.11088624222853537,40.30790377127626,40.528412930700966,40.37716570730645,40.51333584248374,5,24751.78924560547,54.673180233777536,67.8748364791073,24674.0478515625,24809.030151367188,24766.473388671875,24805.09735107422
0,4,1048576,0,5,50,5,17.70136446503249,0.2029163453015417,0.2519135286696053,17.341306721653062,17.83527175798651,17.778955324905635,17.82454720457791,5,55.17465686798096,0.6419581501599133,0.7969685370820023,54.75456237792969,56.314239501953125,54.92800235748291,56.04275131225586
0,4,4194304,0,5,50,5,31.226497443503977,0.25908608045896875,0.3216462856188659,31.016636912099937,31.630660148711982,31.085826555507516,31.572708769588676,5,125.1009292602539,1.0317523929533516,1.2808844237557502,123.49568367004395,125.94047546386719,125.66016197204591,125.90655708312987
0,4,16777216,0,5,50,5,37.561391003975665,0.09615450243622556,0.11937244370424656,37.45068368527162,37.688817895195456,37.52003557075247,37.67717616950797,5,415.9878387451172,1.064226310835174,1.3211996543064488,414.5792007446289,417.21534729003906,416.4441680908203,417.06827545166016
0,4,67108864,0,5,50,5,39.60529974665114,0.029379844926890084,0.03647404745192034,39.56911016548408,39.636693320472055,39.615068426906525,39.63449918965319,5,1578.0723266601562,1.170839763385035,1.4535565178975702,1576.8217468261719,1579.5149230957031,1577.6824951171875,1579.4287719726562
0,4,268435456,0,5,10,5,40.08037646547126,0.024226598770157,0.03007647301543727,40.057303654972245,40.106181998079265,40.07349416214503,40.10611229414749,5,6237.468185424805,3.7697836104752342,4.680054187968099,6233.452987670898,6241.059112548828,6238.53759765625,6241.004104614258
0,4,1073741824,0,5,10,5,40.68943699338194,0.06714991711185851,0.08336426789267265,40.57570496232031,40.74011034691631,40.71483055843854,40.738599178973274,5,24576.456604003906,40.627566580897344,50.43769955271032,24545.834350585938,24645.289611816406,24561.074829101562,24632.171020507812
0,5,1048576,0,5,50,5,17.560194732687126,0.0945068333710694,0.11732692032530719,17.480970026538127,17.670861396683144,17.51266910777996,17.667549492162514,5,55.61356830596924,0.2987780413229908,0.37092246347537544,55.26400089263916,55.864319801330566,55.76320171356201,55.86355209350586
0,5,4194304,0,5,50,5,31.409608680548057,0.11778817707881126,0.14622989232035133,31.247840076972217,31.562942023745567,31.39216431345505,31.545038621187146,5,124.36620903015137,0.4665045474340169,0.5791490405067314,123.7606430053711,125.00864028930664,124.43391799926758,124.90995216369629
0,5,16777216,0,5,50,5,37.429441855065306,0.053131451428278804,0.0659608342183845,37.37426106906811,37.49399167021911,37.4509713205655,37.485915657787146,5,417.45279693603516,0.5926376834973093,0.7357389068412994,416.73343658447266,418.06846618652344,417.21214294433594,418.0682144165039
0,5,67108864,0,5,50,5,39.4597487425539,0.030381261771333545,0.03771727135573178,39.40895041149449,39.48770487259575,39.463401789553515,39.48566113224305,5,1583.8932495117188,1.2203560020905362,1.515029192265979,1582.7711486816406,1585.9341430664062,1583.7458801269531,1585.51416015625
0,5,268435456,0,5,10,5,39.991758564513354,0.043929922002688866,0.05453745803194203,39.944780923880316,40.053073255638424,39.972023974675444,40.04654418603651,5,6251.294021606445,6.8639983412846,8.521413296527493,6241.718292236328,6258.639907836914,6254.374313354492,6257.897491455078
0,5,1073741824,0,5,10,5,40.676231820555984,0.04879796579184363,0.06058096372795564,40.60600446668528,40.735098972628435,40.69042087539788,40.7273377996425,5,24584.409790039062,29.50409302736963,36.628297112664946,24548.854064941406,24626.89971923828,24575.808715820312,24621.16455078125
0,6,1048576,0,5,50,5,17.83309049531818,0.13159789780297823,0.16337417644589558,17.654505804004987,17.978590202879786,17.79886448806711,17.972204204786237,5,54.76364803314209,0.404564450249517,0.5022525814033597,54.31807994842529,55.31519889831543,54.86656188964844,55.23289489746094
0,6,4194304,0,5,50,5,31.594724946729777,0.21729538038035454,0.26976459660691193,31.277943780645096,31.864823444294903,31.605601599045904,31.831592650677702,5,123.64083290100098,0.85201261084646,1.0577437857476741,122.5881576538086,124.88832473754883,123.59359741210938,124.69133186340332
0,6,16777216,0,5,50,5,37.3205178214388,0.018440638846675024,0.02289340661977915,37.29524265308304,37.340421206514954,37.32865704414815,37.338422871498366,5,418.6705856323242,0.20690738696894276,0.2568682669781845,418.4473419189453,418.95423889160156,418.57921600341797,418.9259490966797
0,6,67108864,0,5,50,5,39.336642648053825,0.05196163967131113,0.0645085539344133,39.25248171803206,39.38072653786977,39.33970381697895,39.38025707278499,5,1588.8515930175781,2.1009576881747467,2.608265312620016,1587.0707702636719,1592.2560119628906,1588.7257385253906,1591.6128234863281
0,6,268435456,0,5,10,5,39.843257241829214,0.05152828934432205,0.06397056469623873,39.79895986837,39.910070801157396,39.810216262730904,39.90556730605038,5,6274.595794677734,8.110493217927244,10.068892985149931,6264.083099365234,6281.571197509766,6279.795074462891,6281.239013671875
0,6,1073741824,0,5,10,5,40.38010574142785,0.06827238353169217,0.08475777060046702,40.27211947821501,40.43982006698956,40.3892718215373,40.43895575613135,5,24764.72686767578,41.919880058428745,52.042061427986766,24728.102111816406,24831.07452392578,24759.04998779297,24819.79217529297
0,7,1048576,0,5,50,5,17.657362088120095,0.21658020113903353,0.26887672665220375,17.390915946765116,17.957220604542808,17.65961319756011,17.916520349737223,5,55.31289577484131,0.6772034335780815,0.8407243207850692,54.38271999359131,56.153597831726074,55.299201011657715,56.06745433807373
0,7,4194304,0,5,50,5,31.356328518802144,0.15482709207548181,0.1922124067453928,31.189079070863936,31.532124853357526,31.416885425395442,31.514936597210873,5,124.57855987548828,0.6156067307920119,0.7642541737883214,123.8815975189209,125.24415969848631,124.33600425720215,125.23750305175781
0,7,16777216,0,5,50,5,37.47578060817132,0.040012017509129104,0.04967351696057855,37.43351233363861,37.52759139196213,37.4697662164684,37.52302538290078,5,416.9363250732422,0.44505456550862676,0.5525196399589618,416.3603210449219,417.40673065185547,417.00286865234375,417.38497161865234
0,7,67108864,0,5,50,5,39.49657554137753,0.05695232437000838,0.0707043140199695,39.40182716353884,39.54674181577475,39.50997597955513,39.54386315888267,5,1582.4183044433594,2.2847960429686682,2.8364941849276217,1580.4083251953125,1586.2208557128906,1581.8789672851562,1585.4966125488281
0,7,268435456,0,5,10,5,39.97577193473461,0.02651500690432788,0.03291745148495653,39.94600560058407,40.008070475642214,39.98112707295031,40.00487954293963,5,6253.790130615234,4.148083762739521,5.149700564219986,6248.739242553711,6258.448028564453,6252.950286865234,6258.274612426758
0,7,1073741824,0,5,10,5,40.71177831449364,0.051486248125721355,0.06391837199726452,40.623434842331285,40.753547621940704,40.72040115957705,40.751267427372355,5,24562.947692871094,31.105952406965905,38.61694937301854,24537.741088867188,24616.3330078125,24557.71484375,24604.734802246094
1,0,1048576,0,5,50,5,17.332404150023862,0.15982942721628315,0.19842263044636965,17.100322952290597,17.52493945210433,17.307082230443463,17.505961521152642,5,56.347007751464844,0.5209714593114892,0.6467678020530259,55.72415828704834,57.107839584350586,56.42560005187988,56.97625541687012
1,0,4194304,0,5,50,5,31.179693101682762,0.07436822223798646,0.09232554064097982,31.115143655336585,31.30345173288221,31.152465535873745,31.28076862321656,5,125.28243064880371,0.29815631237006673,0.3701506087774485,124.78655815124512,125.54176330566405,125.39135932922363,125.52384185791016
1,0,16777216,0,5,50,5,38.064201810095284,0.1377268342967641,0.17098303622920744,37.92534651090979,38.23718725159481,37.9956444153128,38.22671004125838,5,410.4949722290039,1.4835993108973484,1.8418365311308724,408.6336135864258,411.9935989379883,411.2313461303711,411.8792953491211
1,0,67108864,0,5,50,5,39.456443604244576,0.08414660365114082,0.10446505834619192,39.33674181335273,39.53620632339921,39.49512959291186,39.531455732391265,5,1584.0309448242188,3.381627748436112,4.198172293561021,1580.8294677734375,1588.8453674316406,1582.4736022949219,1588.3215942382812
1,0,268435456,0,5,10,5,39.943366854666074,0.024587973399906288,0.030525106948876852,39.90735861343364,39.97670790687994,39.94422826137041,39.97061224655236,5,6258.863372802734,3.853159621521427,4.7835625826113715,6253.641510009766,6264.508819580078,6258.726501464844,6263.4124755859375
1,0,1073741824,0,5,10,5,40.427525964881426,0.025051812903649245,0.031100947431074614,40.40653651687714,40.469754453272365,40.421140720413575,40.46146947555103,5,24735.62957763672,15.318632968622271,19.017545776243924,24709.811401367188,24748.471069335938,24739.529418945312,24747.817993164062
1,2,1048576,0,5,50,5,17.435571389517655,0.24356560378453368,0.3023781579582721,17.13450359427169,17.666155889333954,17.52131710341487,17.659989725798017,5,56.01855945587158,0.785697529729799,0.9754159374746142,55.27872085571289,56.99391841888428,55.73567867279053,56.93695831298828
1,2,4194304,0,5,50,5,31.379218862786686,0.1709108117453634,0.21217978083815808,31.2147586061208,31.669721913398618,31.337042825175182,31.60469879491972,5,124.48819160461426,0.6744080796325946,0.8372539868637596,123.34336280822754,125.14112472534181,124.65279579162598,125.04909133911133
1,2,16777216,0,5,50,5,38.1386661394485,0.08601364775457883,0.1067829281441124,37.9997827258517,38.22886490230873,38.16981336209986,38.21715063364803,5,409.69087982177734,0.9255218272373862,1.149002900745322,408.72257232666016,411.18656158447266,409.35489654541016,410.91737365722656
1,2,67108864,0,5,50,5,39.55518588933782,0.047304541727178344,0.05872693010946686,39.495320007069814,39.62049830708459,39.5554225452968,39.61152591090424,5,1580.07275390625,1.889339695333899,2.3455489936004845,1577.4662780761719,1582.4659729003906,1580.0614929199219,1582.1958923339844
1,2,268435456,0,5,10,5,39.86639550924635,0.11810368498615564,0.1466215843259617,39.77826965133985,40.07408961477791,39.82659243016415,40.02615786239546,5,6270.989532470703,18.510612165115905,22.980276041436483,6238.444900512695,6284.838485717773,6277.212905883789,6283.565521240234
1,2,1073741824,0,5,10,5,40.30850706224734,0.05627213037210966,0.06985987701842623,40.2493845380481,40.37818816312083,40.30005883036237,40.373251426954546,5,24808.697509765625,34.62588798668051,42.98682599019247,24765.846252441406,24845.10040283203,24813.85955810547,24843.617553710938
1,3,1048576,0,5,50,5,17.366122881703927,0.1510195376513935,0.18748546141652697,17.134887794513205,17.5323897631732,17.388140048902446,17.51662702791782,5,56.23718452453613,0.49131511313104,0.6099504879886395,55.70047855377197,56.99264049530029,56.16256237030029,56.869760513305664
1,3,4194304,0,5,50,5,31.506182747297576,0.12430226004403458,0.15431689794514414,31.297029594031073,31.60625519890489,31.552990265948726,31.601316475169604,5,123.98515129089355,0.49108781922879235,0.6096683105776715,123.5910415649414,124.81216430664062,123.7996768951416,124.65677070617676
1,3,16777216,0,5,50,5,38.05365294373653,0.06535338905761998,0.08113394129761875,37.97932908254143,38.15072909713077,38.05083483773168,38.13553304524972,5,410.6054382324219,0.7046946413477947,0.8748536914198807,409.5596694946289,411.4080047607422,410.63488006591797,411.3359375
1,3,67108864,0,5,50,5,39.560640477940545,0.08490884454571446,0.10541135369348381,39.42801273671126,39.64602756676572,39.56074438331116,39.64120839471895,5,1579.8589172363281,3.395273467337995,4.2151129751739225,1576.4505004882812,1585.1673889160156,1579.8489379882812,1584.2176208496094
1,3,268435456,0,5,10,5,40.01794376291585,0.0512268375785538,0.06359632289760238,39.959162828222915,40.07994951844248,40.02789297204968,40.07399122110962,5,6247.20573425293,7.997487539173647,9.92860039683124,6237.532806396484,6256.3873291015625,6245.644760131836,6255.96809387207
1,3,1073741824,0,5,10,5,40.31217993173201,0.07269726713330299,0.09025110846035005,40.239936515998586,40.39796084487315,40.28288003414603,40.39469299695878,5,24806.463012695312,44.713480160034834,55.51021801360614,24753.724670410156,24850.933837890625,24824.441528320312,24848.641967773438
1,4,1048576,0,5,50,5,17.88764682989805,0.04831937105665448,0.05998680514321951,17.83027027921176,17.9456050135534,17.901182500720026,17.93953700993506,5,54.59455966949463,0.14751354702814046,0.18313289697390533,54.41792011260986,54.76992130279541,54.55296039581299,54.76032066345215
1,4,4194304,0,5,50,5,31.26451275614162,0.25222685373232856,0.31313079611463196,30.957484928065796,31.546302555381438,31.21875076217653,31.53607978785942,5,124.9484806060791,1.0078631584090127,1.2512267765990501,123.8259220123291,126.18111610412596,125.12512207031251,126.06156539916992
1,4,16777216,0,5,50,5,37.61768256998782,0.06252070627410743,0.07761726493260802,37.564489451724455,37.71577571894086,37.594740627955154,37.70091278316808,5,415.3640899658203,0.6895180800698704,0.8560125226667622,414.28287506103516,415.9513473510742,415.6166458129883,415.9348373413086
1,4,67108864,0,5,50,5,39.62832534348642,0.04153488640556866,0.05156410530541191,39.575991943348356,39.66807428931585,39.646653076201815,39.66622763482197,5,1577.1560974121094,1.653601346941295,2.052888098796391,1575.5743408203125,1579.2402648925781,1576.4256286621094,1579.1120300292969
1,4,268435456,0,5,10,5,40.054668376328785,0.044290593065865844,0.05498521851214836,39.9994067470801,40.09953417087776,40.05005523566044,40.09933641788837,5,6241.475830078125,6.901936915581311,8.568512706432477,6234.486389160156,6250.092697143555,6242.18864440918,6249.268417358398
1,4,1073741824,0,5,10,5,40.68012208252238,0.02299568175074365,0.028548332690422586,40.64277299607241,40.700458265200105,40.68299962629447,40.69979708303512,5,24582.036743164062,13.902011550906598,17.25885995132737,24569.747924804688,24604.620361328125,24580.291748046875,24600.452270507812
1,5,1048576,0,5,50,5,17.73466457201259,0.2726957445654526,0.3385422064673199,17.301783486089718,17.995552075946854,17.79014903506249,17.98037813548347,5,55.07571315765381,0.8563168812532598,1.0630873865547643,54.26688194274902,56.442880630493164,54.89344120025635,56.21004867553711
1,5,4194304,0,5,50,5,30.903523075220686,0.17266278410937444,0.21435479310586766,30.667079354511884,31.07680523158593,30.985301574508718,31.06328988543721,5,126.40460968017578,0.7078284654533923,0.8787442241785789,125.69664001464845,127.37600326538087,126.06783866882323,127.283203125
1,5,16777216,0,5,50,5,37.45623034516799,0.11790479177694667,0.1463746653797043,37.32922857636292,37.61292716636824,37.40437729839214,37.59928816796287,5,417.15686798095703,1.3118356450519422,1.6285979618276312,415.41568756103516,418.5728073120117,417.7318572998047,418.43699645996094
1,5,67108864,0,5,50,5,39.458645155784254,0.02742946471056149,0.03405271879151798,39.43325099139102,39.50275140135432,39.45761196675387,39.49445109923815,5,1583.9374084472656,1.1004998100195482,1.366231931835155,1582.1682739257812,1584.9568176269531,1583.978271484375,1584.9157409667969
1,5,268435456,0,5,10,5,40.02750586697576,0.02282763888528982,0.028339713364358348,39.99320183916491,40.052539622898884,40.026191454992,40.05070417555856,5,6245.706787109375,3.562810338407886,4.423104126950103,6241.801452636719,6251.062393188477,6245.910263061523,6250.155487060547
1,5,1073741824,0,5,10,5,40.614184800102564,0.07587928391094231,0.09420147073180633,40.48508965579272,40.68231270406026,40.63333339533488,40.6759758417718,5,24622.008361816406,46.08897276344012,57.21784385748701,24580.706787109375,24700.45166015625,24610.336303710938,24684.097595214844
1,6,1048576,0,5,50,5,17.65981771516337,0.18792015985026686,0.2332962901814955,17.473563343330863,17.92936809482955,17.65246367367766,17.892751640428294,5,55.30355167388916,0.5863138332786475,0.7278880685020133,54.467201232910156,55.887999534606934,55.321598052978516,55.87276744842529
1,6,4194304,0,5,50,5,31.460890351397246,0.1320637520936606,0.16395251821544246,31.316943215561952,31.638202325994907,31.411551214517353,31.62168157299901,5,124.1638412475586,0.5205372196787856,0.6462287087729848,123.46624374389648,124.7327995300293,124.35711860656738,124.68095970153809
1,6,16777216,0,5,50,5,37.29762220031995,0.03872624265883108,0.04807727256177532,37.23353050317898,37.33625168644367,37.310632145587256,37.33151524344121,5,418.92787170410156,0.4353639497907665,0.5404890802874893,418.4940719604492,419.6486282348633,418.78143310546875,419.510009765625
1,6,67108864,0,5,50,5,39.29167782095653,0.0548204263777659,0.06805763740458219,39.236031551286935,39.37074098406667,39.29291177359915,39.35934552047653,5,1590.6701049804688,2.2182510103029793,2.7538808598682905,1587.4732971191406,1592.923583984375,1590.61767578125,1592.8512573242188
1,6,268435456,0,5,10,5,39.845399986014236,0.05005756713963518,0.0621447146410111,39.806301429354534,39.9325918156832,39.83087679407146,39.913329605314715,5,6274.257888793945,7.87079958374891,9.771321741710793,6260.550308227539,6280.412673950195,6276.537704467773,6279.950637817383
1,6,1073741824,0,5,10,5,40.33567353594842,0.0284599874264617,0.03533207661432337,40.29646827919766,40.36435084292672,40.344591170890084,40.362775469590275,5,24791.959838867188,17.497237429965406,21.72220683554265,24774.33624267578,24816.070556640625,24786.47003173828,24813.606567382812
1,7,1048576,0,5,50,5,17.798124065978797,0.10573471082749751,0.13126593655051824,17.62982346331512,17.901603417248264,17.84444972265299,17.890965805901327,5,54.87040042877197,0.3274070987039962,0.4064644345108595,54.55167770385742,55.3926420211792,54.72640037536621,55.30752182006836
1,7,4194304,0,5,50,5,30.88093430870974,0.14886483431103442,0.18481047276098314,30.68064593545859,31.081552271605414,30.899026642942207,31.052062816134196,5,126.49625778198242,0.6098450791443487,0.7571012852648712,125.67744255065918,127.31967926025389,126.41983985900879,127.21331214904785
1,7,16777216,0,5,50,5,37.55111621338912,0.09280604696152311,0.11521545362554271,37.49180210076746,37.71373726562882,37.52672496502025,37.67726940364173,5,416.1015090942383,1.0253185180872642,1.2728969936740273,414.3052673339844,416.75777435302734,416.36993408203125,416.7575149536133
1,7,67108864,0,5,50,5,39.49415141829635,0.04100217826518449,0.05090276682528219,39.453499677610196,39.55398249504513,39.473244204366935,39.54677990258904,5,1582.51416015625,1.6420719083078195,2.038574704942276,1580.1190185546875,1584.1433715820312,1583.3509826660156,1583.994384765625
1,7,268435456,0,5,10,5,39.97988568800216,0.05134464569547577,0.06374257754453894,39.91161905207347,40.0340450653012,39.97316986395301,40.032629823105005,5,6253.152694702148,8.032092177359683,9.971560841938928,6244.684982299805,6263.840103149414,6254.195022583008,6262.522964477539
1,7,1073741824,0,5,10,5,40.70979384402623,0.08442881280795869,0.10481541112044092,40.56408690603084,40.77957078904388,40.74366387720699,40.77258496123885,5,24564.198303222656,51.06180872912166,63.39144536676101,24522.08251953125,24652.34832763672,24543.69354248047,24633.831176757812
2,0,1048576,0,5,50,5,17.540278878561146,0.18511191522605414,0.22980995293448075,17.355112983226128,17.761571885235615,17.54327355085965,17.745969328084897,5,55.68038463592529,0.5873200013534625,0.7291371908917581,54.98176097869873,56.26944065093994,55.66592216491699,56.267648696899414
2,0,4194304,0,5,50,5,31.02393925699345,0.19049825554961466,0.23649690560705683,30.82879481690887,31.2914156707043,31.026095703688668,31.256066250241187,5,125.91462326049805,0.7718229883863645,0.9581911808227883,124.83455657958984,126.7078399658203,125.90208053588867,126.68326377868652
2,0,16777216,0,5,50,5,38.08361155404524,0.1090893767309216,0.13543063665874924,37.97047091356249,38.23437466308058,38.04146631277701,38.21901670313707,5,410.2841567993164,1.1739740032375274,1.4574475667914628,408.6636734008789,411.5039825439453,410.7360076904297,411.4093933105469
2,0,67108864,0,5,50,5,39.426602781834774,0.16610073406432066,0.206208238033138,39.22181843879352,39.599821375415104,39.5093357203557,39.584662859415374,5,1585.2466125488281,6.686497939964998,8.301052771256629,1578.2899475097656,1593.5008239746094,1581.9046020507812,1593.0448913574219
2,0,268435456,0,5,10,5,39.87312111544105,0.10084082298752842,0.12519034637148244,39.768814637370504,39.99991699235976,39.824523194673475,39.99201175859759,5,6269.919967651367,15.844961204687012,19.670963828833454,6250.012969970703,6286.332702636719,6277.5390625,6284.970169067383
2,0,1073741824,0,5,10,5,40.38169883696117,0.051609602956108516,0.06407151269450649,40.291632330001846,40.42051247259237,40.39620531105066,40.4181572662411,5,24763.7255859375,31.696928656824447,39.350625668245335,24739.913940429688,24819.049072265625,24754.800415039062,24806.78741455078
2,1,1048576,0,5,50,5,17.141459295390472,0.10633855023623306,0.13201558200652275,17.024008756724506,17.25599803915241,17.109910539729956,17.25482771361392,5,56.972543716430664,0.35310804460075385,0.43837125779499464,56.59264087677002,57.3638391494751,57.075839042663574,57.33478355407715
2,1,4194304,0,5,50,5,31.108436295534762,0.13813533888098012,0.17149018034879343,30.935046522654563,31.26384633086782,31.147696811847684,31.250806209264105,5,125.57081413269043,0.558077950800882,0.692834210324625,124.94463920593262,126.27264022827147,125.41055679321289,126.22220802307129
2,1,16777216,0,5,50,5,38.06273556601485,0.05835984843919984,0.07245170580563622,37.972949094554686,38.133506374049105,38.07112850502319,38.12333512642338,5,410.50726318359375,0.629853374856958,0.7819408829233948,409.74464416503906,411.4771270751953,410.4159927368164,411.3030471801758
2,1,67108864,0,5,50,5,39.62485120801865,0.022511499586535276,0.02794723750844815,39.60621597126461,39.6636107481413,39.617880896037306,39.655464282563926,5,1577.2933959960938,0.8955276639416591,1.1117661985758118,1575.7516479492188,1578.0351257324219,1577.5704956054688,1577.9757385253906
2,1,268435456,0,5,10,5,40.087730226400026,0.018077124168458168,0.02244211589119481,40.06137087081827,40.10478304735768,40.0976401031222,40.103424624641484,5,6236.323165893555,2.8128776688912067,3.4920890095537014,6233.670425415039,6240.425491333008,6234.7808837890625,6239.942932128906
2,1,1073741824,0,5,10,5,40.344613587286446,0.01880957887475517,0.02335143273001201,40.316014659586024,40.35931963360566,40.35577070094444,40.35890060587323,5,24786.460571289062,11.559613792297055,14.350855255883937,24777.42462158203,24804.039001464844,24779.603576660156,24801.73614501953
2,3,1048576,0,5,50,5,17.16005598489034,0.1928891095479093,0.23946506702524722,16.894515774552918,17.35333655601514,17.115475724564195,17.351718986039295,5,56.91481685638428,0.6412166819600906,0.7960480303069761,56.275200843811035,57.803521156311035,57.05728054046631,57.67014503479004
2,3,4194304,0,5,50,5,31.273926314446694,0.35318611663603655,0.43846818148967903,30.68249601805473,31.609528482454014,31.391517132250023,31.572455678225353,5,124.91724967956543,1.4258594113532412,1.7701544701437724,123.57824325561523,127.31200218200684,124.43648338317871,126.8400650024414
2,3,16777216,0,5,50,5,38.03111570161447,0.07732815242531695,0.0960001901966775,37.94910298919599,38.15066868919853,38.03334900723302,38.129267048849044,5,410.8491516113281,0.8344456893860142,1.0359350686313349,409.56031799316406,411.7356872558594,410.82366943359375,411.67130279541016
2,3,67108864,0,5,50,5,39.46427434517983,0.06260606411058574,0.07772323369404467,39.39238780574783,39.55479991123347,39.45568493710835,39.54230988004268,5,1583.7140502929688,2.511042320747289,3.117371006845935,1580.0863647460938,1586.6009521484375,1584.0556335449219,1586.3292236328125
2,3,268435456,0,5,10,5,39.99858134026294,0.0566552169983688,0.07033546563433427,39.938736552305144,40.059499995874,39.99590373983914,40.058001197574896,5,6250.231704711914,8.852593775318173,10.990184809927387,6240.716934204102,6259.587097167969,6250.640106201172,6259.335632324219
2,3,1073741824,0,5,10,5,40.37290282087091,0.027912194191024736,0.034652010517552324,40.334083094144106,40.399569595649844,40.38328628851374,40.39838532290965,5,24769.097900390625,17.129302588437064,21.26542862917313,24752.73895263672,24792.92755126953,24762.7197265625,24790.489196777344
2,4,1048576,0,5,50,5,17.684650481817112,0.09840730017918087,0.12216921312153256,17.595467654968346,17.845493058861287,17.644502053284157,17.817661665701156,5,55.22227191925049,0.3058446106053704,0.37969536149335953,54.72320079803467,55.50079822540283,55.34656047821045,55.478142738342285
2,4,4194304,0,5,50,5,31.117822444162567,0.1665893696083111,0.20681486192998133,30.971778101425468,31.369413519864935,31.05150980006421,31.33576996818227,5,125.5338249206543,0.6698738735691696,0.8316249290002588,124.5241641998291,126.12288475036621,125.79903602600098,126.10381126403809
2,4,16777216,0,5,50,5,37.67212347762925,0.08963093425516935,0.11127366251653836,37.553626918469114,37.774889326767735,37.696556342270746,37.76521135300577,5,414.7648010253906,0.9873612791470646,1.2257744122685146,413.6345672607422,416.07166290283203,414.4940948486328,415.9490432739258
2,4,67108864,0,5,50,5,39.591446658626296,0.062225019628900584,0.07725018032902993,39.49503438652139,39.66734822324466,39.59820199414071,39.65595673929651,5,1578.6269226074219,2.482932766292855,3.0824739804805925,1575.6031799316406,1582.4774169921875,1578.3544921875,1581.7480773925781
2,4,268435456,0,5,10,5,40.1184486635106,0.031243663831468507,0.03878791327852855,40.07513843858,40.14965204472162,40.13164767675996,40.14749840978355,5,6231.550064086914,4.854591448458664,6.026805086663568,6226.704025268555,6238.281631469727,6229.497528076172,6237.60383605957
2,4,1073741824,0,5,10,5,40.59474126691629,0.10851877083876535,0.13472224944844768,40.42920995613712,40.71174233969643,40.615187214346996,40.70135156215012,5,24633.873596191406,65.94541806096302,81.86892454938818,24562.937927246094,24734.591674804688,24621.331787109375,24718.909912109375
2,5,1048576,0,5,50,5,17.396796732645594,0.21274646720678386,0.2641172803817801,17.13373381205164,17.70284342414137,17.36301278114431,17.659149876710153,5,56.14131164550781,0.6844649977106464,0.8497392980732549,55.16416072845459,56.99647903442383,56.243839263916016,56.886911392211914
2,5,4194304,0,5,50,5,31.005326220701,0.3618896861405122,0.4492733578919813,30.73982795752831,31.610511575536275,30.87683114459116,31.49943774821493,5,125.99999809265137,1.4543629385927952,1.8055405999095921,123.57439994812012,127.074556350708,126.51071548461914,127.07084465026855
2,5,16777216,0,5,50,5,37.43633645864335,0.13518245602271073,0.16782427980505354,37.28800752678824,37.60307911932046,37.39389391308475,37.59272596120907,5,417.3795928955078,1.506028523520562,1.8696816122592466,415.5244827270508,419.03553009033203,417.8489685058594,418.9067611694336
2,5,67108864,0,5,50,5,39.5014216231335,0.05675211566006061,0.07045576192566491,39.41105110504892,39.553726581968,39.514050495985266,39.551282046673556,5,1582.2241516113281,2.2755794728173946,2.8250521362075545,1580.1292419433594,1585.849609375,1581.7158508300781,1585.2413635253906
2,5,268435456,0,5,10,5,40.04494094198256,0.018353599034375796,0.022785349744329046,40.01413585316884,40.061451684798726,40.050299989189305,40.06011284268649,5,6242.986907958984,2.8625713812136864,3.553782011195561,6240.412902832031,6247.792053222656,6242.150497436523,6246.858291625977
2,5,1073741824,0,5,10,5,40.50627893442169,0.05199925201379499,0.06455524833895997,40.41875747104986,40.54783380362576,40.515093628096466,40.54687407389039,5,24687.56317138672,31.73199018337488,39.39415332423942,24662.229919433594,24740.988159179688,24682.159423828125,24730.248413085938
2,6,1048576,0,5,50,5,17.566930797306345,0.16980298059530943,0.21080444730469883,17.301783486089718,17.764881275858507,17.571153519631604,17.740356737624,5,55.59513473510742,0.5402403637832205,0.6706894714082371,54.97151851654053,56.442880630493164,55.57759761810303,56.280320167541504
2,6,4194304,0,5,50,5,31.719256115881596,0.10113420005379956,0.12555456371378315,31.600364021380855,31.86399054784593,31.685834946505402,31.845479794323087,5,123.1517448425293,0.3922496334901675,0.48696416814045945,122.59136199951172,123.61408233642578,123.2806396484375,123.55609703063965
2,6,16777216,0,5,50,5,37.25243690090134,0.08595836742137648,0.10671429954850893,37.176435222784505,37.38988651037524,37.25091519841887,37.36426376389306,5,419.4374313354492,0.966235222028979,1.1995471530125688,417.8937530517578,420.2931213378906,419.4527816772461,420.2778854370117
2,6,67108864,0,5,50,5,39.31185619073664,0.13276267618757465,0.1648202079745323,39.078428383151014,39.39933330864463,39.3680429526878,39.39566647664287,5,1589.86572265625,5.3916896314273695,6.693593650751963,1586.3212585449219,1599.3478393554688,1587.5820922851562,1597.2817993164062
2,6,268435456,0,5,10,5,39.86838972163956,0.043806841617576434,0.05438465804888688,39.816059719229216,39.92157253081973,39.85150062158514,39.91836281751405,5,6270.638046264648,6.889103004473804,8.552579855735212,6262.278366088867,6278.873443603516,6273.289489746094,6277.889175415039
2,6,1073741824,0,5,10,5,40.2090526042044,0.05379480239653818,0.06678436118912848,40.13191554637145,40.25870097747875,40.237268247063305,40.25557472459536,5,24870.057067871094,33.295780737042726,41.33554447185374,24839.35089111328,24917.823791503906,24852.581787109375,24912.565002441406
2,7,1048576,0,5,50,5,17.621859740032146,0.1055153970708015,0.1309936662104775,17.500016662613522,17.759504912176734,17.62575108463347,17.74452067092854,5,55.41926383972168,0.33164023271487975,0.4117197219763828,54.988160133361816,55.803518295288086,55.40544033050537,55.7784309387207
2,7,4194304,0,5,50,5,31.29981031194958,0.1681340990797974,0.20873258941232764,31.02877744874514,31.468881494077348,31.326909532305912,31.454797573124274,5,124.80396842956543,0.6731147708931571,0.8356483894057195,124.13056373596191,125.89119911193846,124.69311714172363,125.69215965270996
2,7,16777216,0,5,50,5,37.474534177360226,0.06386117773303265,0.07928141325341945,37.36773841342385,37.5281105796563,37.492725257959286,37.52557322806663,5,416.9507827758789,0.7116889166914354,0.883536839047466,416.3545608520508,418.14144134521484,416.7475128173828,417.9161605834961
2,7,67108864,0,5,50,5,39.52120100731486,0.04138759608470336,0.05138124953589311,39.476831745232566,39.57408392179171,39.53326044388439,39.56733125839586,5,1581.4310607910156,1.6560742444115106,2.055958114308618,1579.31640625,1583.2070922851562,1580.947265625,1583.1695861816406
2,7,268435456,0,5,10,5,40.013743905843604,0.04131874951062007,0.05129577892785332,39.97167534480266,40.0679864516208,40.02731844939582,40.06022202426571,5,6247.858581542969,6.451122139424074,8.008841966899869,6239.3951416015625,6254.428863525391,6245.734405517578,6254.40071105957
2,7,1073741824,0,5,10,5,40.6817843925488,0.04806047397280035,0.05966539349025953,40.60875960984956,40.73082546484545,40.699308212365985,40.72650811636675,5,24581.053466796875,29.05917934448671,36.07595237354661,24551.429748535156,24625.228881835938,24570.44219970703,24618.926696777344
3,0,1048576,0,5,50,5,17.202155092263936,0.21395412329511512,0.26561654307635885,16.94573764638763,17.398252715907176,17.30884919986295,17.39084912001371,5,56.77683162689209,0.7090546945171519,0.880266544571004,56.12991809844971,57.628798484802246,56.41983985900879,57.594239234924316
3,0,4194304,0,5,50,5,30.960207405092785,0.1620080677309578,0.20112733626461546,30.681261838802328,31.10404553826667,31.009071213210227,31.0866582326271,5,126.17280006408691,0.6640048968781644,0.8243388001981964,125.58655738830565,127.31712341308594,125.9712028503418,127.06381034851074
3,0,16777216,0,5,50,5,37.9742297399885,0.09265723587299615,0.1150307098762884,37.869517876474184,38.074632042052386,37.964861000040415,38.07211505043025,5,411.4652099609375,1.0038763443590843,1.2462772867293477,410.3782272338867,412.6009750366211,411.5647888183594,412.53440856933594
3,0,67108864,0,5,50,5,39.47888862079559,0.06902675892879061,0.08569430120839908,39.38798608727093,39.56391600858815,39.50367718860354,39.55246568417966,5,1583.1284790039062,2.7687656849481184,3.437325528005643,1579.7222900390625,1586.7782592773438,1582.1311950683594,1586.4224243164062
3,0,268435456,0,5,10,5,39.96578096051642,0.07102218388724527,0.08817155133693219,39.85456877144959,40.030291476667955,40.00180183897444,40.02522842231954,5,6255.367126464844,11.13040115777449,13.81800281784362,6245.270538330078,6272.806549072266,6249.718475341797,6270.208740234375
3,0,1073741824,0,5,10,5,40.39057718021997,0.05846684297790124,0.07258453577432401,40.3259252331158,40.452682903704634,40.395343785727164,40.45063340401353,5,24758.29132080078,35.84175845990116,44.49628655562416,24720.2392578125,24797.943115234375,24755.328369140625,24796.64306640625
3,1,1048576,0,5,50,5,17.407962172327444,0.17525492334780038,0.21757284309284355,17.180999056638992,17.610494891881622,17.432241100151458,17.594390342261025,5,56.10316753387451,0.5657469772027895,0.702355037735024,55.4534387588501,56.839680671691895,56.02047920227051,56.7705602645874
3,1,4194304,0,5,50,5,31.838263848835677,0.10354151061249596,0.12854315537476355,31.749292210145278,31.977176290422708,31.77573776575913,31.965937651878,5,122.69145774841309,0.3984370191656256,0.49464559053365387,122.15744018554688,123.03423881530762,122.93184280395508,123.0196475982666
3,1,16777216,0,5,50,5,38.136618453104646,0.10158469386700353,0.12611383598906187,38.02091131557458,38.280355943758906,38.130826157039245,38.26117308844829,5,409.7135314941406,1.0905414849160644,1.3538690203470254,408.1727981567383,410.9580612182617,409.77344512939453,410.85950469970703
3,1,67108864,0,5,50,5,39.6334398303536,0.03347979256502747,0.041563988705045976,39.59116707143867,39.68237052560927,39.637046200093344,39.67373374575588,5,1576.9520874023438,1.3318266167799135,1.6534160523665866,1575.0067138671875,1578.6349487304688,1576.8077087402344,1578.4256591796875
3,1,268435456,0,5,10,5,40.03559561018099,0.0727815774021554,0.0903557767033057,39.97961244738782,40.158732882168536,40.0107743857782,40.135124948101414,5,6244.459609985352,11.330990019882062,14.067026857726896,6225.2960205078125,6253.18717956543,6248.316955566406,6252.919692993164
3,1,1073741824,0,5,10,5,40.35053136251051,0.01861369283078543,0.02310824707397126,40.33118887219568,40.37645176034886,40.35440646645866,40.372547159763386,5,24782.825317382812,11.43114683312346,14.19136802997918,24766.91131591797,24794.70672607422,24780.441284179688,24794.400329589844
3,2,1048576,0,5,50,5,17.04578069749733,0.14940301335785822,0.18547860317965373,16.90069061767403,17.261073825899313,17.046450996322612,17.23061075866766,5,57.29408073425293,0.5006316093707842,0.6215165914442453,56.57599925994873,57.78240203857422,57.28831768035889,57.7747220993042
3,2,4194304,0,5,50,5,31.003727109706972,0.17233252242434774,0.2139447848025158,30.764617925377173,31.222584478396467,30.964393442231337,31.199193682482708,5,125.99603271484375,0.7007991437852288,0.8700175677677839,125.1097583770752,126.97216033935545,126.15296363830566,126.81075286865234
3,2,16777216,0,5,50,5,38.00020657985609,0.08138842510363006,0.10104087637814145,37.86705317686179,38.0702367985459,38.02321959941016,38.067352651646964,5,411.18348693847656,0.8822806815790949,1.095320534397214,410.4256057739258,412.6278305053711,410.93311309814453,412.3722152709961
3,2,67108864,0,5,50,5,39.507041466859214,0.027981410869975562,0.03473794059780969,39.48283272745115,39.555021459757974,39.4974146839932,39.54502083253338,5,1581.9971008300781,1.119624892118223,1.3899750507564699,1580.0775146484375,1582.9664611816406,1582.3820495605469,1582.8695678710938
3,2,268435456,0,5,10,5,39.88043005808184,0.05218145968974833,0.06478145278065678,39.82180326366705,39.93841040787565,39.89612980268169,39.93394962601636,5,6268.747406005859,8.203993085962358,10.184969793313739,6259.638214111328,6277.967834472656,6266.27197265625,6277.718887329102
3,2,1073741824,0,5,10,5,40.237206826459534,0.037840459054615215,0.046977603271733136,40.170028767394406,40.260946666716634,40.25175774382314,40.25975319817171,5,24852.637329101562,23.40068308629431,29.051127649610603,24837.965393066406,24894.18182373047,24843.63555908203,24884.49676513672
3,4,1048576,0,5,50,5,17.467494252508878,0.05360735855874965,0.0665516562360873,17.38675390832664,17.51930566748683,17.47316231475718,17.517576465352807,5,55.90783977508545,0.171850491812741,0.21334636069766527,55.74207782745361,56.16703987121582,55.8892822265625,56.1278715133667
3,4,4194304,0,5,50,5,31.56750538789839,0.1857689925249795,0.23062569136469446,31.34701954206566,31.82494786877741,31.52903018519764,31.79442869362884,5,123.74617576599121,0.7271891788281648,0.9027798710681975,122.74175643920898,124.61312294006348,123.89375686645508,124.52032279968262
3,4,16777216,0,5,50,5,37.741499925876624,0.07802968419308703,0.0968711172914375,37.61194282029701,37.81186363838196,37.76384559860812,37.80684264933928,5,414.0019226074219,0.8575495252224083,1.0646176708273303,413.23009490966797,415.4265594482422,413.75553131103516,415.15980529785156
3,4,67108864,0,5,50,5,39.58394567933001,0.039412003157697884,0.04892862017911511,39.54816606483485,39.6416150241721,39.56776467535644,39.634666192099445,5,1578.9241943359375,1.5712339506862654,1.9506318640554308,1576.6259765625,1580.3514099121094,1579.5686340332031,1580.2943115234375
3,4,268435456,0,5,10,5,40.072381695524186,0.04619720583515241,0.05735221142148624,40.01294852618933,40.12935987192601,40.08307501087306,40.12281425870846,5,6238.717422485352,7.193195966702821,8.93010060718018,6229.852676391602,6247.977447509766,6237.046432495117,6247.136535644531
3,4,1073741824,0,5,10,5,40.55278774267838,0.039767505856643744,0.04936996431632562,40.50756593265246,40.603584274958436,40.5587522638537,40.59792500863093,5,24659.23614501953,24.180725770399153,30.019523294494455,24628.367614746094,24686.746215820312,24655.5908203125,24685.38360595703
3,5,1048576,0,5,50,5,17.294174056065618,0.14307685525316607,0.17762489968077294,17.16090290481799,17.531784920610463,17.281208550519228,17.483275291437753,5,56.47078514099121,0.4638091738355394,0.5758028286810338,55.70240020751953,56.90624237060547,56.51008129119873,56.87526607513428
3,5,4194304,0,5,50,5,31.502187348056083,0.30578286749978784,0.3796187095924237,31.10911750815969,31.803222529850075,31.6620007215164,31.781192994726066,5,124.00870513916016,1.2078203214080074,1.4994665841856964,122.82560348510742,125.56608200073241,123.37344169616699,125.45804977416992
3,5,16777216,0,5,50,5,37.52169696067494,0.13362658410199682,0.16589271936263308,37.339791464192956,37.70051524344307,37.52643616493015,37.67584235817928,5,416.4299545288086,1.4832383303226715,1.8413883864029903,414.45056915283203,418.4543991088867,416.3731384277344,418.1756134033203
3,5,67108864,0,5,50,5,39.49035982525756,0.03670501313835481,0.04556798697417173,39.439113413352246,39.52937270765105,39.498740157981466,39.52677868356961,5,1582.6658325195312,1.4715069477688187,1.8268242862516575,1581.1027526855469,1584.7212219238281,1582.3289489746094,1584.4878845214844
3,5,268435456,0,5,10,5,40.03286749240471,0.03103759634367313,0.038532087716928405,39.99979492292643,40.07096552341476,40.03558582986086,40.067612771604345,5,6244.871673583984,4.841534365649972,6.010595176123434,6238.9312744140625,6250.032043457031,6244.44465637207,6249.9072265625
3,5,1073741824,0,5,10,5,40.52562856753765,0.04960503456177791,0.06158291131089212,40.4575051431517,40.57160548496707,40.55001150554602,40.56924468967184,5,24675.772705078125,30.22029907601403,37.51744181266638,24647.779846191406,24717.29278564453,24660.90545654297,24713.42071533203
3,6,1048576,0,5,50,5,17.190634740072042,0.18418352881478695,0.22865739375309158,16.9275028445313,17.404999552127208,17.216862268884853,17.384160192813432,5,56.813055992126465,0.6107860935857312,0.7582695217029238,56.1081600189209,57.69087791442871,56.72128200531006,57.57247829437256
3,6,4194304,0,5,50,5,31.813552788503788,0.11793181898428508,0.14640821871007098,31.634432009411242,31.935682035375784,31.85367962492914,31.924672512602957,5,122.78707313537598,0.4561226383298398,0.5662602643321267,122.31616020202637,123.48095893859863,122.63104438781738,123.38073539733887
3,6,16777216,0,5,50,5,37.40715185038044,0.040010340303620995,0.0496714347687412,37.360475134761316,37.4457432116106,37.419053661535706,37.4448354624879,5,417.70125579833984,0.44687649256632667,0.5547814985263522,417.27039337158203,418.2227325439453,417.5680160522461,418.20301818847656
3,6,67108864,0,5,50,5,39.31839155940875,0.04416355202986768,0.05482750151987461,39.252511810971555,39.37697852253078,39.3198095331531,39.36629215259552,5,1589.5885009765625,1.7859686613910368,2.2172174790343484,1587.2218322753906,1592.2547912597656,1589.5295715332031,1591.7153930664062
3,6,268435456,0,5,10,5,39.85784832606057,0.0702312535924027,0.08718963910502503,39.79668808677738,39.93577467487133,39.81188011871152,39.93525635755841,5,6272.30598449707,11.045380818858106,13.71245304779782,6260.051345825195,6281.929779052734,6279.532623291016,6281.455535888672
3,6,1073741824,0,5,10,5,40.146302824459234,0.12721534071380938,0.15793338546728866,39.96239866102549,40.302725519781,40.16936152069866,40.28275035207295,5,24909.09423828125,79.00388867804776,98.0805580049863,24812.217712402344,25023.52294921875,24894.595336914062,25007.073669433594
3,7,1048576,0,5,50,5,17.41216229754738,0.07954128891637245,0.09874772156020944,17.296683732502732,17.50865066694024,17.411354906920238,17.498354629025698,5,56.08601665496826,0.256545310153151,0.31849200836078523,55.776000022888184,56.45952224731445,56.087679862976074,56.40089797973633
3,7,4194304,0,5,50,5,31.8033691522134,0.0918370035048311,0.11401242014764958,31.671200973332706,31.914474195791872,31.787488224233414,31.903679018699087,5,122.82585716247559,0.3549340095641983,0.4406381292808022,122.39744186401367,123.33760261535645,122.88640022277832,123.25069046020508
3,7,16777216,0,5,50,5,37.5080932600198,0.05729026872517896,0.07112386008895909,37.46096939221132,37.6004142655017,37.498196497873515,37.584188680828774,5,416.5775375366211,0.6355348597028148,0.7889942471729617,415.5539321899414,417.10079193115234,416.68670654296875,417.0993881225586
3,7,67108864,0,5,50,5,39.50916446134951,0.039448021862775816,0.048973336138693466,39.471855776623215,39.57258898736198,39.49704524301675,39.56186641058271,5,1581.9127197265625,1.5782537344379455,1.9593466794773005,1579.3760681152344,1583.4066772460938,1582.3968505859375,1583.2984008789062
3,7,268435456,0,5,10,5,40.02978215441467,0.05057121314588998,0.0627823881499165,39.98276377804173,40.09264082007852,39.99987793006003,40.089317280068805,5,6245.357971191406,7.886481653632295,9.790790481675018,6235.558319091797,6252.694320678711,6250.019073486328,6252.23030090332
3,7,1073741824,0,5,10,5,40.59190910060954,0.056692444463060244,0.07038168222659502,40.49425532240931,40.63537415472147,40.60181082490271,40.63376294919746,5,24635.489807128906,34.46006912524507,42.78096768714595,24609.100341796875,24694.86083984375,24629.443359375,24681.90155029297
4,0,1048576,0,5,50,5,17.335037491567494,0.13348670036700824,0.1657190586098135,17.159360099980084,17.499614418896165,17.32437394762676,17.484985144725588,5,56.337279319763184,0.43403204724754096,0.5388355699751024,55.80480098724365,56.91135883331299,56.36928081512451,56.84147071838379
4,0,4194304,0,5,50,5,31.156718166525188,0.3902102920753144,0.48443239727097,30.56189339286337,31.5918603139981,31.21172591624056,31.549177630927176,5,125.39007949829102,1.5805435095557667,1.9621893550090967,123.6473560333252,127.81439781188963,125.15328407287599,127.42092704772949
4,0,16777216,0,5,50,5,37.7285181510347,0.07849482587118153,0.09744857437743992,37.658647164587045,37.86135478760806,37.70680400682662,37.834651987788824,5,414.1443862915039,0.8598560241254065,1.0674811083521063,412.68993377685547,414.9113464355469,414.3814468383789,414.84683990478516
4,0,67108864,0,5,50,5,39.74858791879955,0.03506592255141262,0.04353311347518306,39.708591675078246,39.783486919673194,39.75961353189714,39.78217798583913,5,1572.3838806152344,1.3874132430426551,1.7224249000662468,1571.0035705566406,1573.9666748046875,1571.9468688964844,1573.92138671875
4,0,268435456,0,5,10,5,40.24012101669941,0.0511624497143105,0.06351638762151152,40.169696372358175,40.291449022795874,40.26356118223095,40.287556881753474,5,6212.7130126953125,7.903085237005092,9.811403248329105,6204.790496826172,6223.596954345703,6209.088134765625,6222.537689208984
4,0,1073741824,0,5,10,5,40.39789945401193,0.015646872559570275,0.019425043720689462,40.375125925838304,40.41429337424754,40.40133040318476,40.41318447912176,5,24753.765258789062,9.58919891289063,11.904654263663543,24743.72100830078,24767.724609375,24751.66015625,24765.90057373047
4,1,1048576,0,5,50,5,17.58567167874493,0.1313521647084555,0.16306910742417566,17.374478723220143,17.699558634541276,17.65205439142689,17.69132439925908,5,55.53420829772949,0.4173375486670862,0.5181099352780925,55.17439842224121,56.206722259521484,55.32288074493408,56.098177909851074
4,1,4194304,0,5,50,5,31.10321645592456,0.19516589001191073,0.24229161014990433,30.880111059836924,31.32948058230001,31.010489207123268,31.321033423365968,5,125.59385681152344,0.7872444447561504,0.9773363782467024,124.6828842163086,126.49727821350099,125.9654426574707,126.39231872558594
4,1,16777216,0,5,50,5,37.83451083839615,0.1036237608332489,0.1286452661402267,37.71874871366266,37.92917448948174,37.899852231289024,37.92333388438266,5,412.98522186279297,1.132132746389309,1.4055031133225093,411.95201873779297,414.2502212524414,412.27073669433594,414.2369155883789
4,1,67108864,0,5,50,5,39.85028594601527,0.03784067134556462,0.04697786682350414,39.80580288139202,39.906539196970535,39.84973846663343,39.89739496015356,5,1568.3713073730469,1.488753903451772,1.848235777072885,1566.1593627929688,1570.1228332519531,1568.3917236328125,1569.9436340332031
4,1,268435456,0,5,10,5,40.3057904651824,0.030644556921697694,0.038044143054072596,40.26356118223095,40.34865483448438,40.30130043273964,40.34193781767447,5,6202.585601806641,4.715715560129328,5.854395540137484,6195.993423461914,6209.088134765625,6203.273773193359,6207.954025268555
4,1,1073741824,0,5,10,5,40.350264635185866,0.03282030657747656,0.04074525997234961,40.296193253006976,40.38232578189921,40.36322467773658,40.37853986727435,5,24782.998046875,20.172145416427327,25.043011321424604,24763.308715820312,24816.23992919922,24775.027465820312,24810.09033203125
4,2,1048576,0,5,50,5,17.530792226568064,0.08066770215734995,0.1001461241080827,17.454773556699887,17.649605180572784,17.534404204832324,17.631245806915192,5,55.706496238708496,0.25585413237955423,0.3176339353867918,55.33055782318115,55.94816207885742,55.69407939910889,55.94649791717529
4,2,4194304,0,5,50,5,31.184825056804108,0.10886162721320333,0.1351478936171478,31.062886115238754,31.33318095126191,31.148490313435488,31.31803332422713,5,125.26246452331543,0.4368211314330464,0.5422981202092059,124.66815948486328,125.7529640197754,125.40736198425293,125.70509147644043
4,2,16777216,0,5,50,5,37.75136466734477,0.03508394397867904,0.04355548644532304,37.696323899773056,37.78903863246488,37.75029964761165,37.78581164518468,5,413.8926086425781,0.3848622309046213,0.4777929668246542,413.4796905517578,414.4966506958008,413.9039993286133,414.3825988769531
4,2,67108864,0,5,50,5,39.82479087099453,0.05362987723475459,0.06657961238286761,39.744872077015,39.879341624783294,39.819939212374045,39.87721834263831,5,1569.3764953613281,2.1146251775576244,2.625233021521823,1567.2274780273438,1572.5299072265625,1569.5654296875,1572.0068969726562
4,2,268435456,0,5,10,5,40.25152053125937,0.034273892165374964,0.04254983551862517,40.198800537865054,40.284697543897266,40.26057319221819,40.28280363266654,5,6210.9490966796875,5.2913320808531985,6.569003270138668,6205.830383300781,6219.091033935547,6209.5489501953125,6217.86994934082
4,2,1073741824,0,5,10,5,40.29791276124935,0.04862379691902556,0.060364739178519734,40.21531787810689,40.34073691155883,40.314524153773924,40.33675586055281,5,24815.2099609375,29.979104044386776,37.21800663693173,24788.83819580078,24866.146850585938,24804.9560546875,24855.924072265625
4,3,1048576,0,5,50,5,17.68521831351666,0.48228516540333627,0.5987401244646585,16.841372608050193,18.056883591732802,17.831103922947342,18.025827556835893,5,55.25312042236328,1.557806706797764,1.9339624115121512,54.082560539245605,57.985920906066895,54.76736068725586,57.36435317993164
4,3,4194304,0,5,50,5,30.946646829484443,0.10886597430321589,0.13515329037699422,30.781684957570718,31.07680523158593,30.966123393651255,31.059731575461374,5,126.22655868530273,0.4447250384780185,0.5521105437033142,125.69664001464845,126.90176010131837,126.14591598510741,126.79052734375
4,3,16777216,0,5,50,5,37.88498293215123,0.06967624955783082,0.08650062105393061,37.797348445874725,37.985947239782114,37.874630350172964,37.970811869493616,5,412.4336624145508,0.7581723065636293,0.941244337917644,411.3363265991211,413.38878631591797,412.54528045654297,413.2591247558594
4,3,67108864,0,5,50,5,39.9340605565624,0.0831826033338568,0.10326828574906692,39.81398238678409,40.02574311954935,39.94138679498357,40.01908150058786,5,1565.08544921875,3.2624847403531176,4.05026042604785,1561.4950561523438,1569.8002624511719,1564.7929382324219,1569.1488952636719
4,3,268435456,0,5,10,5,40.37107248885076,0.007571590541580465,0.009399864205796197,40.363391236840215,40.38141757285474,40.37223575917064,40.38001099637562,5,6192.553024291992,1.161371579647965,1.44180209973203,6190.966415405273,6193.731307983398,6192.374420166016,6193.71467590332
4,3,1073741824,0,5,10,5,40.40563926523498,0.008944231835596015,0.011103950249033458,40.39621029107265,40.418296309850746,40.40430694030408,40.416735660681404,5,24749.021606445312,5.4780467448123495,6.800802979434694,24741.270446777344,24754.79736328125,24749.83673095703,24754.468994140625
4,5,1048576,0,5,50,5,17.49598643500682,0.09174077106000034,0.1138929509411951,17.387744407968103,17.613137749529486,17.506039070607123,17.600415957454317,5,55.81760025024414,0.2926309694581934,0.3632910892647588,55.44511795043945,56.16384029388428,55.78432083129883,56.14080047607422
4,5,4194304,0,5,50,5,31.78996837665133,0.4809383311913242,0.5970680770089608,31.184617273917805,32.30125207570637,31.70426852772374,32.29097789045006,5,122.89932823181152,1.8603995018047434,2.3096207579451606,120.93184471130371,125.2620792388916,123.2089614868164,125.00351905822754
4,5,16777216,0,5,50,5,38.48479387891089,0.10171568368485849,0.1262764552555709,38.36571783325862,38.607061736801256,38.51272433708939,38.594322521845086,5,406.0067825317383,1.0733261756731276,1.3324968174715888,404.7187042236328,407.26463317871094,405.71006774902344,407.2023010253906
4,5,67108864,0,5,50,5,40.41373741946866,0.03189741051425449,0.03959951686557292,40.36950316633507,40.45405329169674,40.423894271778245,40.44806856385749,5,1546.5046081542969,1.220786924346859,1.515564167139547,1544.9626159667969,1548.1983947753906,1546.1152648925781,1547.98681640625
4,5,268435456,0,5,10,5,40.84334171080555,0.10086888198920503,0.12522518063834645,40.699366345345204,40.91974520065885,40.90871070395492,40.918724872616686,5,6120.978622436523,15.13699502077552,18.7920486320174,6109.519958496094,6142.601776123047,6111.167907714844,6140.345764160156
4,5,1073741824,0,5,10,5,40.92612592939704,0.028436059521873207,0.03530237095966258,40.877292463193065,40.95060951335597,40.93168550655084,40.94851743972142,5,24434.279174804688,16.98996545113088,21.09244645821317,24419.66094970703,24463.45977783203,24430.950927734375,24457.052612304688
4,6,1048576,0,5,50,5,18.1354788767436,0.10436419616309645,0.1295644906433901,18.032983630224514,18.30271293034835,18.103587347820035,18.274393877841586,5,53.84959888458252,0.3085748045953623,0.383084801614358,53.35616111755371,54.1542387008667,53.94303798675537,54.12787055969238
4,6,4194304,0,5,50,5,31.93382445916745,0.09224433199865334,0.11451810419224417,31.771106552115903,31.99981000112812,31.963611426117076,31.99454639626409,5,122.32409477233887,0.3546234474267629,0.44025257727514067,122.07103729248047,122.94976234436035,122.20928192138672,122.80358505249023
4,6,16777216,0,5,50,5,38.358093120839996,0.0518263611315323,0.06434061036999363,38.270334128233834,38.40482340578962,38.36830897579564,38.40092272746711,5,407.34618377685547,0.5511128993250106,0.684187343104319,406.84993743896484,408.2796859741211,407.2371292114258,408.0852508544922
4,6,67108864,0,5,50,5,40.267125561839514,0.06663659436516968,0.08272699569918528,40.17560348248722,40.34713508744867,40.292117854444726,40.3365208765851,5,1552.1380310058594,2.5696078192511407,3.190078019996973,1549.0567016601562,1555.6704711914062,1551.171875,1555.2752075195312
4,6,268435456,0,5,10,5,40.661136234852925,0.07157119966232277,0.08885313517380607,40.60939372311725,40.78701462341685,40.640847425170136,40.75790820692466,5,6148.392333984375,10.798995087255983,13.406573800024569,6129.401779174805,6156.211090087891,6151.446533203125,6155.679244995117
4,6,1073741824,0,5,10,5,40.86631103099321,0.05303692575613695,0.06584348391038573,40.77240869586586,40.898468254511094,40.88878706622578,40.89753676587661,5,24470.066528320312,31.810279307332454,39.491346526902795,24450.79345703125,24526.390075683594,24456.582641601562,24513.709716796875
4,7,1048576,0,5,50,5,17.557485754289853,0.1790216709885942,0.2222491282308899,17.367161986945796,17.804264712555884,17.504031140765402,17.7783618194572,5,55.62547302246094,0.5652378819383881,0.7017230138125855,54.84992027282715,56.23040199279785,55.790719985961914,56.18521785736084
4,7,4194304,0,5,50,5,32.06644664965406,0.2605359757643702,0.3234462798087987,31.853015751922868,32.50925751903569,31.953068930009053,32.423447120498146,5,121.82374382019043,0.9815544827696927,1.2185654781458553,120.1580810546875,122.63360023498535,122.24960327148438,122.56934356689453
4,7,16777216,0,5,50,5,38.38390729125119,0.09279544454285836,0.11520229109447949,38.28924119062339,38.49535419532163,38.343242415414586,38.49036834058173,5,407.0735397338867,0.9834790781534172,1.2209547958405673,405.8931350708008,408.0780792236328,407.50335693359375,408.0098571777344
4,7,67108864,0,5,50,5,40.35694777605988,0.03905840543256283,0.04848964100010444,40.31059629370836,40.39060953827794,40.379567938623055,40.38960676517166,5,1548.6812133789062,1.4993603208214579,1.8614032723881078,1547.3893737792969,1550.4608154296875,1547.8125,1550.4010314941406
4,7,268435456,0,5,10,5,40.7830904039983,0.06470926458275561,0.08033428334436511,40.714213383083,40.8897182411656,40.77483890809093,40.867070156132385,5,6130.003890991211,9.713902932825674,12.059469932428119,6114.006423950195,6140.361785888672,6131.232070922852,6138.976135253906
4,7,1073741824,0,5,10,5,41.05936055808795,0.014505898050864231,0.018008563869433118,41.03633270837918,41.07381811711616,41.062527999599,41.07271391358318,5,24354.984741210938,8.606509021885524,10.684679215999576,24346.409606933594,24368.649291992188,24353.103637695312,24366.33514404297
5,0,1048576,0,5,50,5,17.446070918707203,0.0720222824764579,0.08941313867309111,17.381010940022442,17.56265808428961,17.426468048043276,17.54251942848639,5,55.97683143615723,0.2303296798547934,0.28594622243632867,55.60448169708252,56.185598373413086,56.03903770446777,56.17446231842041
5,0,4194304,0,5,50,5,31.877698414753972,0.22722894656713064,0.28209677076796913,31.63967844322895,32.19969091126776,31.897961411877287,32.15327878438892,5,122.54361724853516,0.8717836088226867,1.0822887865858746,121.31327629089355,123.46048355102539,122.4608039855957,123.42630767822266
5,0,16777216,0,5,50,5,37.75028603827659,0.05170236821379812,0.06418667750968096,37.67776550981392,37.806359812430244,37.75164267111674,37.80324701746906,5,413.90476989746094,0.5670980118133641,0.7040322998382756,413.2902526855469,414.70081329345703,413.88927459716797,414.5972595214844
5,0,67108864,0,5,50,5,39.763850208147424,0.046418087032064625,0.0576264276836027,39.70909212179756,39.82518532663604,39.744999344537426,39.81948877864653,5,1571.7810974121094,1.8343473222322344,2.277277890366444,1569.3586730957031,1573.9468383789062,1572.5248718261719,1573.6761169433594
5,0,268435456,0,5,10,5,40.16638777159844,0.06376709051361182,0.07916460726910214,40.085811136106976,40.229912575322125,40.18525589373227,40.22739836903429,5,6224.122161865234,9.885417061320407,12.272398709859,6214.281463623047,6236.620712280273,6221.187210083008,6235.756072998047
5,0,1073741824,0,5,10,5,40.37895887844191,0.06172560343888178,0.07663017263809992,40.272626805680645,40.425302108751694,40.40756046074336,40.422255580429166,5,24765.419921875,37.9225396568663,47.07950346177288,24736.98272705078,24830.76171875,24747.84393310547,24817.650146484375
5,1,1048576,0,5,50,5,17.189298037702187,0.12714122120415158,0.1578413686945964,17.05064048549701,17.36736080988888,17.222109118038805,17.338699224959765,5,56.81472110748291,0.4195603716714574,0.5208694921083074,56.22975826263428,57.27424144744873,56.70400142669678,57.2529935836792
5,1,4194304,0,5,50,5,31.405111878024545,0.09941905172804702,0.12342526719856146,31.259203282582664,31.503315770132243,31.412683438452575,31.500130657571674,5,124.38361549377441,0.39429641283752426,0.4895051729423866,123.9948844909668,124.96319770812988,124.35263633728027,124.8805103302002
5,1,16777216,0,5,50,5,37.83937067271949,0.05119778002646843,0.06356024896541398,37.76939625859828,37.89850214867668,37.84809202556594,37.89323401561055,5,412.93030548095703,0.5588890867428487,0.6938412071590492,412.2854232788086,413.6947250366211,412.8345489501953,413.6087112426758
5,1,67108864,0,5,50,5,39.87340568762932,0.030356676777784652,0.03768674994816346,39.83501147396156,39.908739936099245,39.86216799003679,39.90693688219396,5,1567.4615173339844,1.1933292704701175,1.4814764524864976,1566.072998046875,1568.9715576171875,1567.9026794433594,1568.7639465332031
5,1,268435456,0,5,10,5,40.300796563557455,0.02259530781692592,0.02805128248825443,40.28361791342464,40.33925699220046,40.292697526502025,40.33176580586631,5,6203.352890014648,3.4759672363864764,4.3152914604134684,6197.436904907227,6205.9967041015625,6204.598236083984,6205.904541015625
5,1,1073741824,0,5,10,5,40.32319613048133,0.010499352042601244,0.013034577465238884,40.31224024805905,40.33600453090715,40.322508697955705,40.33509103950928,5,24799.622802734375,6.45713844689191,8.016311001696112,24791.746520996094,24806.361389160156,24800.04425048828,24806.170654296875
5,2,1048576,0,5,50,5,17.30111759788215,0.07726294881992624,0.09591924220655111,17.23553178937305,17.413938327108927,17.270842567499646,17.400437226959617,5,56.44595146179199,0.2514823643915278,0.3122065386989993,56.07935905456543,56.659841537475586,56.54399871826172,56.65766525268555
5,2,4194304,0,5,50,5,31.50524628640439,0.21238238287780786,0.26366528245174964,31.191948212836916,31.749127325317406,31.52430804297773,31.72595860908295,5,123.99180603027344,0.838044911139425,1.0404033762534675,123.03487777709961,125.23263931274414,123.91231536865234,125.04486274719238
5,2,16777216,0,5,50,5,37.78199333841942,0.07279450433707427,0.09037182503980344,37.68486145017162,37.86505434504272,37.778805462948085,37.85986681318006,5,413.55802154541016,0.7970231282813117,0.9894762710133795,412.6496124267578,414.6227264404297,413.59169006347656,414.4969024658203
5,2,67108864,0,5,50,5,39.8279053773124,0.023280836197184605,0.02890234193848006,39.79485441650989,39.85590378224354,39.83135854008735,39.85282416465358,5,1569.2519226074219,0.9174270984866734,1.138953578793534,1568.1491088867188,1570.5548095703125,1569.1154479980469,1570.380859375
5,2,268435456,0,5,10,5,40.26856239187874,0.039775731944533606,0.04938017671604336,40.20359942943475,40.30261150910883,40.27950544762241,40.30134767950936,5,6208.321838378906,6.137463054363236,7.619445209336863,6203.071975708008,6218.348693847656,6206.630325317383,6216.581649780273
5,2,1073741824,0,5,10,5,40.30609776975015,0.018318943172275424,0.022742325706527566,40.278908826069184,40.328121351117595,40.308050040879436,40.32551499901242,5,24810.145874023438,11.277954498519918,14.001185117322414,24796.592712402344,24826.889038085938,24808.94012451172,24824.251098632812
5,3,1048576,0,5,50,5,17.360566606260456,0.1346432809981415,0.16715491291492987,17.22872145641247,17.53077794282313,17.284732289626955,17.52033566753245,5,56.2544641494751,0.4351497141252804,0.5402231142196534,55.705599784851074,56.68223857879639,56.49856090545654,56.64857482910156
5,3,4194304,0,5,50,5,31.595010384898952,0.10990329790287878,0.13644109125855952,31.45996028794466,31.72190054146403,31.559189622265933,31.716233986922386,5,123.6362247467041,0.4299792644953023,0.5338041822742714,123.14047813415527,124.16576385498047,123.77535820007324,124.10240364074707
5,3,16777216,0,5,50,5,37.851407128974955,0.045010535573455586,0.05587900189493432,37.81080951595425,37.921575478516864,37.828269446256385,37.911316614448694,5,412.7988586425781,0.4904646527356789,0.6088946712239979,412.0345687866211,413.24161529541016,413.0508804321289,413.2082061767578
5,3,67108864,0,5,50,5,39.8939053532255,0.06121653899258016,0.07599818697525194,39.81052290480358,39.97755556963185,39.880871474934054,39.96607327929704,5,1566.6582946777344,2.403942864457338,2.984410786650245,1563.3772277832031,1569.9366760253906,1567.1673583984375,1569.3862609863281
5,3,268435456,0,5,10,5,40.308304562273086,0.014419511031824398,0.017901317413928346,40.2962923611115,40.332593734231615,40.306644409119826,40.327549635981214,5,6202.196502685547,2.2179422965419278,2.753497602557107,6198.46076965332,6204.044723510742,6202.451324462891,6203.973083496094
5,3,1073741824,0,5,10,5,40.3286736620488,0.05627130703620086,0.06985885487576071,40.22839385792666,40.36055494777688,40.35217021601489,40.35948378872179,5,24796.29180908203,34.66236927924117,43.03211623591283,24776.666259765625,24858.06427001953,24781.814575195312,24843.443298339844
5,4,1048576,0,5,50,5,17.675913298840445,0.22758803481009696,0.2825425662323759,17.377447840079963,17.948770982446312,17.75309912071882,17.916009959586948,5,55.25555229187012,0.7132237594088686,0.885442292471274,54.408321380615234,56.19711875915527,55.00800132751465,56.10867118835449
5,4,4194304,0,5,50,5,32.30684734176817,0.1643663197004346,0.20405502340701953,32.071270882832984,32.46395557764204,32.289121333074036,32.46357530776837,5,120.91340827941895,0.6161804527087092,0.7649664294338464,120.32575607299805,121.79903984069824,120.9772777557373,121.66566467285156
5,4,16777216,0,5,50,5,38.392940791589886,0.11810448824239211,0.146622581540418,38.21659854358931,38.521594617209054,38.41262094676982,38.51080283786836,5,406.97894287109375,1.253735445144795,1.5564686005715487,405.6166458129883,408.853759765625,406.76734924316406,408.57727813720703
5,4,67108864,0,5,50,5,40.49241963897759,0.0182600384426425,0.02266919754982285,40.467514396545475,40.508792811271654,40.49708591037568,40.50878960626844,5,1543.4990234375,0.6961502101266049,0.864246079617066,1542.8749084472656,1544.4486999511719,1543.3209228515625,1544.3539733886719
5,4,268435456,0,5,10,5,41.03963030010308,0.045404355590964854,0.05636791563977857,40.99009954247028,41.10332214640926,41.02660669597091,41.09606648040695,5,6091.678771972656,6.736931159165782,8.36366384476161,6082.233428955078,6099.033737182617,6093.6065673828125,6098.409729003906
5,4,1073741824,0,5,10,5,41.26089494624979,0.013445647778890811,0.01669230032797802,41.24059066876259,41.27640687668868,41.265319520046354,41.274347385460906,5,24236.02508544922,7.898968464265086,9.806292419301881,24226.914978027344,24247.955322265625,24233.424377441406,24246.138305664062
5,6,1048576,0,5,50,5,17.879775503057044,0.142943772217959,0.17745968175830712,17.74030292779965,18.09843267396301,17.856143306710127,18.064872801934595,5,54.621055603027344,0.43472335164347387,0.5396938001462869,53.958401679992676,55.04767894744873,54.690561294555664,55.027198791503906
5,6,4194304,0,5,50,5,31.815886482388752,0.2518704162393895,0.3126882914634517,31.50315343027885,32.20699536568385,31.786163551296706,32.128197123692885,5,122.7828483581543,0.968611845299718,1.2024976474814124,121.28576278686523,123.99552345275879,122.89152145385742,123.78713798522949
5,6,16777216,0,5,50,5,38.39622964246779,0.05040455776308554,0.06257549133491788,38.32410270747248,38.464969737948,38.401262441502766,38.45309819436969,5,406.9415588378906,0.5342826351509227,0.6632931601826049,406.21376037597656,407.70687103271484,406.8876647949219,407.5770797729492
5,6,67108864,0,5,50,5,40.310536722067305,0.0485330165857771,0.060252038577449686,40.25390227480738,40.36226313653216,40.30954899361936,40.36089834940084,5,1550.4649047851562,1.866786727730024,2.3175502750023322,1548.4761047363281,1552.6445007324219,1550.5010986328125,1552.5085754394531
5,6,268435456,0,5,10,5,40.710110832101854,0.08906113950260244,0.1105662823075993,40.657621644525605,40.86681090026898,40.66502859042648,40.833127374555005,5,6141.0040283203125,13.398290152337308,16.633507494917765,6117.433547973633,6148.908615112305,6147.788619995117,6148.755035400391
5,6,1073741824,0,5,10,5,40.937012726443555,0.027899815384247947,0.03463664266292619,40.887274316264595,40.95272833117569,40.947308893449836,40.95228102647724,5,24427.78076171875,16.66324899259789,20.68683942926153,24418.397521972656,24457.48748779297,24421.629333496094,24450.321655273438
5,7,1048576,0,5,50,5,17.749272411368416,0.21619541762062658,0.26839903140418536,17.412744973005143,18.00893306392626,17.764466764139925,17.972283932625533,5,55.02643299102783,0.6744887507312392,0.8373541372044875,54.22656059265137,56.08320236206055,54.972801208496094,55.87968158721924
5,7,4194304,0,5,50,5,31.56572248765514,0.23551487540282537,0.292383460921999,31.225140812349174,31.86299410394586,31.536849337860907,31.82752942718214,5,123.75526237487793,0.9249567380882934,1.1483013623781229,122.59519577026367,125.09951591491699,123.86303901672363,124.86706924438477
5,7,16777216,0,5,50,5,38.30883841836502,0.10148972508555691,0.12599593557639616,38.17136782101505,38.45587999887712,38.299451970000014,38.42989748020646,5,407.8716125488281,1.0801699029168095,1.3409930649111246,406.30977630615234,409.3382263183594,407.9692840576172,409.0813293457031
5,7,67108864,0,5,50,5,40.36469270307036,0.03804936496333587,0.047236952633400116,40.307418857947944,40.39757685550233,40.3852611938459,40.39585202725365,5,1548.3840026855469,1.4604303656253632,1.8130730978532557,1547.1224975585938,1550.5830383300781,1547.5942993164062,1550.2998962402344
5,7,268435456,0,5,10,5,40.74080631316264,0.07828471910559473,0.09718773419407434,40.68832406024971,40.8794266500727,40.70905918193774,40.847330596528295,5,6136.371841430664,11.762471377029314,14.602695835366857,6115.545654296875,6144.268798828125,6141.139221191406,6143.666534423828
5,7,1073741824,0,5,10,5,40.98608253832826,0.022934299905126156,0.028472129281067973,40.94628043691111,41.0046874209099,40.992789107187114,41.00310270632406,5,24398.532104492188,13.661239992078917,16.95995050222691,24387.45574951172,24422.242736816406,24394.534301757812,24417.0458984375
6,0,1048576,0,5,50,5,17.287263580148856,0.11847922239696487,0.14708780085555578,17.11874044854945,17.414733493779035,17.314544572524355,17.40521919241239,5,56.49241638183594,0.3881767353567566,0.4819078078991262,56.07679843902588,57.04639911651611,56.40128135681152,56.978559494018555
6,0,4194304,0,5,50,5,30.873715606020635,0.17138527872180803,0.21276881495512753,30.683884301080525,31.129585182317452,30.892144933032075,31.08550764909124,5,126.5265941619873,0.7008026602339863,0.8700219333156336,125.48352241516115,127.30624198913573,126.44800186157227,127.24838638305664
6,0,16777216,0,5,50,5,37.757449865840535,0.07911070334905056,0.09821316467423226,37.63826848894941,37.839585102252336,37.7560795030946,37.835177509552025,5,413.8270721435547,0.8679240437234041,1.0774972718271916,412.92736053466797,415.13599395751953,413.84063720703125,414.92147064208984
6,0,67108864,0,5,50,5,39.75753937213336,0.04785064351859638,0.05940489633778857,39.68388530039519,39.80956720313687,39.76846906054857,39.804355010522755,5,1572.0307006835938,1.893304356897542,2.3504709819351053,1569.974365234375,1574.9465942382812,1571.5968322753906,1574.4838562011719
6,0,268435456,0,5,10,5,40.22244060013329,0.029886378879811624,0.037102891595953216,40.18434667141828,40.24574616599639,40.24062587632627,40.24572935985384,5,6215.438613891602,4.61962255413309,5.735099442107486,6211.836624145508,6221.327972412109,6212.627029418945,6220.972747802734
6,0,1073741824,0,5,10,5,40.50884907749297,0.017703905995208487,0.021978778613721002,40.49304933990571,40.53636208046495,40.501497732235016,40.5323393288746,5,24685.968017578125,10.785465679631237,13.389777514784488,24669.20928955078,24695.596313476562,24690.444946289062,24695.103759765625
6,1,1048576,0,5,50,5,17.396368949982243,0.2062248538612167,0.25602092605379717,17.134310067093207,17.578845370278895,17.52252388684488,17.569674925516313,5,56.14233684539795,0.6686040870478727,0.8300485335513772,55.55327892303467,56.99456214904785,55.73184013366699,56.94233798980713
6,1,4194304,0,5,50,5,31.17509236404064,0.28431956115954893,0.3529727672507586,30.86777251566995,31.548749364750215,31.145787836353218,31.51220526076027,5,125.30867385864258,1.140819679976882,1.4162876368172137,123.81631851196289,126.54784202575684,125.41824340820312,126.48294639587402
6,1,16777216,0,5,50,5,37.87782144481687,0.08037628752799725,0.09978434306241538,37.801091321936276,38.00208844485081,37.84685753273046,37.98384272975918,5,412.5120086669922,0.8741413540888621,1.0852158446738944,411.16161346435547,413.3478546142578,412.84801483154297,413.28858947753906
6,1,67108864,0,5,50,5,39.89159961444445,0.015828147477020382,0.019650090175405997,39.879698838172736,39.91634329653448,39.88321695535261,39.91278171223342,5,1566.74609375,0.6214696055053361,0.7715327271990214,1565.7746887207031,1567.2134399414062,1567.0751953125,1567.20947265625
6,1,268435456,0,5,10,5,40.32496707058884,0.021938818312234737,0.027236273783975046,40.309453291353336,40.36345338611164,40.31939784711789,40.35466261888164,5,6199.634552001953,3.3706900434764315,4.1845935163173955,6193.721771240234,6202.019119262695,6200.48942565918,6201.909027099609
6,1,1073741824,0,5,10,5,40.35369797062927,0.03515486731995144,0.043643535287018954,40.292779276467456,40.38367199703284,40.36461685579985,40.38021252118017,5,24780.89141845703,21.60950587843107,26.82744394273688,24762.48321533203,24818.34259033203,24774.172973632812,24809.946899414062
6,2,1048576,0,5,50,5,17.62167255804375,0.0721014371560152,0.08951140643268614,17.51287127629154,17.710035355214625,17.626565713265695,17.698398387797887,5,55.419007301330566,0.22711504451404385,0.28195536536234167,55.14175891876221,55.76255798339844,55.40287971496582,55.70291042327881
6,2,4194304,0,5,50,5,31.898072906337898,0.23670808131449675,0.2938647842288617,31.545488656254598,32.148132567094315,31.993266417208755,32.12259766783331,5,122.46579170227051,0.9122773181026846,1.1325603069924068,121.5078353881836,123.82911682128906,122.09600448608398,123.64402961730957
6,2,16777216,0,5,50,5,37.768500770047545,0.054200828437224756,0.06728842828381772,37.691436332667415,37.83935089254123,37.76209438015956,37.830107823023276,5,413.70521545410156,0.593821088081582,0.7372080621438203,412.92991638183594,414.55039978027344,413.77471923828125,414.40755462646484
6,2,67108864,0,5,50,5,39.79939418201358,0.029287039112425313,0.03635883228693136,39.76163598164014,39.8297976284545,39.807261326507,39.828179785077175,5,1570.3763427734375,1.1558078195429249,1.434894886620888,1569.1769409179688,1571.8669128417969,1570.0653076171875,1571.7489013671875
6,2,268435456,0,5,10,5,40.27070611878132,0.06299366964478177,0.07820443237572845,40.19230684314255,40.3447153538618,40.29783107697208,40.335708217814975,5,6207.9986572265625,9.713499590886432,12.05896919755127,6196.598434448242,6220.0958251953125,6203.807830810547,6219.270248413086
6,2,1073741824,0,5,10,5,40.30554271168973,0.05467666001716136,0.06787915650818097,40.21220133761283,40.34480476607481,40.33271287897694,40.34311820451373,5,24810.52001953125,33.70603699140044,41.84486322850907,24786.338806152344,24868.07403564453,24793.76983642578,24857.03857421875
6,3,1048576,0,5,50,5,17.591434632414572,0.13274164302601224,0.1647940960418519,17.50342825325102,17.81424285249172,17.513674006218725,17.774387835672066,5,55.516032218933105,0.41577184306091075,0.5161661666599295,54.81919765472412,55.79264163970947,55.76000213623047,55.7879056930542
6,3,4194304,0,5,50,5,31.541993545710298,0.09374934946594944,0.11638653061364727,31.465151422968454,31.67909081009375,31.492101295081913,31.66321478110484,5,123.84371185302734,0.36746890015377637,0.45619975648838657,123.306884765625,124.14527893066406,124.0390396118164,124.13836669921875
6,3,16777216,0,5,50,5,37.850430294420775,0.0679760208732485,0.08438984675015568,37.741662741386314,37.919690243530326,37.87427663460422,37.91223004269022,5,412.8101119995117,0.7423409737388602,0.9215902932446827,412.0550537109375,413.99871826171875,412.54913330078125,413.79634857177734
6,3,67108864,0,5,50,5,39.868886301354856,0.03912701221834482,0.04857481391937487,39.83306290093811,39.93086968186327,39.853642945024646,39.92114030764301,5,1567.6396789550781,1.5373574476902077,1.9085753732584894,1565.205078125,1569.0483093261719,1568.2380676269531,1568.9571838378906
6,3,268435456,0,5,10,5,40.299372393751995,0.025483009600816616,0.03163626301332942,40.26547095781637,40.33246962587043,40.29760063378208,40.328739672680406,5,6203.572540283203,3.9228362256177163,4.870063643812369,6198.479843139648,6208.793640136719,6203.843307495117,6208.1146240234375
6,3,1073741824,0,5,10,5,40.42179074559287,0.035359812170984134,0.043897967134436625,40.37307142748895,40.46021269393487,40.41628477298463,40.458572400698685,5,24739.146728515625,21.644794929747114,26.871254062750708,24715.638732910156,24768.984985351562,24742.501831054688,24764.779663085938
6,4,1048576,0,5,50,5,17.546720655422465,0.15583173180541215,0.19345963174854544,17.34150348464303,17.75929854933066,17.50483455666314,17.732466796137665,5,55.65849590301514,0.49397616266562305,0.6132540876923758,54.98879909515381,56.31360054016113,55.78815937042236,56.209792137145996
6,4,4194304,0,5,50,5,32.03568871908871,0.1165775864029055,0.14472698643818224,31.85151966197575,32.13628294616279,32.04113280423744,32.13601216570308,5,121.93561744689941,0.4448159614365574,0.5522234213686821,121.55263900756836,122.63936042785645,121.91360473632812,122.51443290710449
6,4,16777216,0,5,50,5,38.38493409477485,0.11018475946038825,0.13679051591447716,38.241199832582716,38.53752718725635,38.356915594558416,38.51746848336279,5,407.0634307861328,1.1680775685968408,1.450127349907516,405.4489517211914,408.59073638916016,407.35809326171875,408.35508728027344
6,4,67108864,0,5,50,5,40.42415596337448,0.051567829725051646,0.06401965269267258,40.356890485823655,40.478924177717495,40.43281671920662,40.47613929238308,5,1546.1072692871094,1.9728819604670629,2.4492637868640474,1544.0133666992188,1548.6822509765625,1545.7740783691406,1548.4501953125
6,4,268435456,0,5,10,5,40.92859572777475,0.09407537096869786,0.11679127487935675,40.81107020206512,41.041500725158784,40.946231829547315,41.03061445965609,5,6108.224639892578,14.043285274142498,17.43424632582452,6091.39518737793,6125.788879394531,6105.567932128906,6124.408416748047
6,4,1073741824,0,5,10,5,41.15552844531284,0.029673179978429855,0.03683821263440504,41.1031468467873,41.173430195436204,41.16723069340677,41.17323515923523,5,24298.082275390625,17.534832936926612,21.768880339378164,24287.50762939453,24329.037475585938,24291.165161132812,24322.15362548828
6,5,1048576,0,5,50,5,17.62906329589673,0.16188830799290047,0.20097865874846102,17.380218849882688,17.820899093944767,17.656548406875846,17.795399442486314,5,55.39878463745117,0.5110259644338556,0.6344208188404757,54.79872226715088,56.18815898895264,55.308799743652344,56.0514554977417
6,5,4194304,0,5,50,5,31.970971126509635,0.1586325984766959,0.19693680952566173,31.794443951968656,32.19136762070269,31.898796085232707,32.16761798181547,5,122.18355178833008,0.6052255029210588,0.7513662433408812,121.34464263916016,122.85951614379883,122.45759963989258,122.780029296875
6,5,16777216,0,5,50,5,38.54892294046665,0.0512274378544775,0.06359706811911665,38.498147417639956,38.61255730137441,38.525058358973595,38.6089801457321,5,405.3296661376953,0.5384182580698345,0.668427391046076,404.6611022949219,405.86368560791016,405.5801773071289,405.82989501953125
6,5,67108864,0,5,50,5,40.404283714283835,0.04628072743096192,0.05745590055450913,40.3330906717616,40.452127583403126,40.41036249555299,40.44881144931928,5,1546.8673095703125,1.7729911641648675,2.2011063712047343,1545.0361633300781,1549.5960998535156,1546.6329956054688,1549.1571960449219
6,5,268435456,0,5,10,5,40.82563550406768,0.06377669901285571,0.07917653588405009,40.76054337605719,40.90890222431544,40.812648483441066,40.901647198645314,5,6123.615341186523,9.562398891233645,11.871382976355463,6111.139297485352,6133.382415771484,6125.551986694336,6132.993927001953
6,5,1073741824,0,5,10,5,40.957630033081216,0.008704903725943678,0.010806832791478461,40.94925338031601,40.9722942490431,40.95631905082531,40.96913913841665,5,24415.47607421875,5.1880812468333595,6.440820979562889,24406.736755371094,24420.469665527344,24416.256713867188,24419.931640625
6,7,1048576,0,5,50,5,17.74945372366804,0.07863004990267757,0.09761645027173751,17.654709738641333,17.87350342136208,17.73906442545829,17.848059901654317,5,55.02016067504883,0.2431627356169831,0.3018780112523697,54.637441635131836,55.31455993652344,55.05152225494385,55.26527976989746
6,7,4194304,0,5,50,5,31.898123147971045,0.3493433868851721,0.4336975672258286,31.447156531369423,32.35107487552023,31.92315498037069,32.29744024376433,5,122.47193717956543,1.3416205380058306,1.665574862204535,120.74560165405273,124.21631813049316,122.3641586303711,124.02879905700684
6,7,16777216,0,5,50,5,38.316580947015574,0.09235273086607519,0.11465267758580422,38.17655856779,38.432152098244444,38.33156258858208,38.4141892619087,5,407.78880310058594,0.9837757274578003,1.221323075551763,406.56063079833984,409.2825698852539,407.62752532958984,409.0181198120117
6,7,67108864,0,5,50,5,40.36909887511048,0.021884472175014477,0.027168804959931455,40.335056698524404,40.38640003754673,40.38035215886514,40.38600184885021,5,1548.2142639160156,0.839629728193559,1.0423708710642445,1547.5506591796875,1549.5205688476562,1547.7824401855469,1549.3345947265625
6,7,268435456,0,5,10,5,40.71671196929761,0.07848913018727997,0.0974415033855605,40.65275410685181,40.844631784734524,40.68101468640745,40.82331268044606,5,6140.003204345703,11.816324533473558,14.669552641060386,6120.755386352539,6149.64485168457,6145.372772216797,6149.21028137207
6,7,1073741824,0,5,10,5,40.96467494582554,0.027439543674817053,0.03406523147228394,40.93344954129128,40.99396093451168,40.96214539236493,40.99337273847944,5,24411.285095214844,16.351190860560198,20.299430198749125,24393.836975097656,24429.898071289062,24412.783813476562,24428.782348632812
7,0,1048576,0,5,50,5,17.56913945507273,0.2510449505202993,0.31166350471311477,17.264784383665322,17.823605485632328,17.702226763796112,17.802742443839712,5,55.593088150024414,0.7977702712781736,0.9904038228499777,54.790401458740234,56.56383991241455,55.16608238220215,56.51750373840332
7,0,4194304,0,5,50,5,30.942612946677787,0.31297617922266957,0.38854895390684174,30.6646158706606,31.418666308297507,30.77578726958357,31.354854653758842,5,126.25202941894531,1.2688092423173054,1.5751821912905912,124.3289566040039,127.3862361907959,126.92607879638673,127.31186866760254
7,0,16777216,0,5,50,5,37.753926983377966,0.07302599320269428,0.09065921035072752,37.67771005622313,37.82762314156563,37.7553208179115,37.82720115281951,5,413.86547088623047,0.8005505267970682,0.993855412604007,413.0579376220703,414.70142364501953,413.8489532470703,414.6887512207031
7,0,67108864,0,5,50,5,39.787383388840986,0.06306283056858976,0.0782902932379307,39.72459681861842,39.866055503944025,39.778495158939656,39.86027287087828,5,1570.8528747558594,2.489093366247902,3.090122149340974,1567.7497863769531,1573.33251953125,1571.2007141113281,1573.2847595214844
7,0,268435456,0,5,10,5,40.23423114547416,0.0510124073063929,0.06333011523240241,40.180439208692555,40.30344181897816,40.209640361899034,40.29696452907139,5,6213.6224365234375,7.874600780994559,9.7760407948255,6202.944183349609,6221.9329833984375,6217.414474487305,6221.123962402344
7,0,1073741824,0,5,10,5,40.38919887597872,0.020346086994262876,0.025258953692108427,40.36451243911387,40.40768752309064,40.397923491501,40.407273469236515,5,24759.099731445312,12.474360499132413,15.486481222413923,24747.76611328125,24774.237060546875,24753.74755859375,24773.53240966797
7,1,1048576,0,5,50,5,17.43012600482937,0.2553070020676213,0.3169546922863097,17.038646612312718,17.65348467978363,17.570545999569315,17.638961844234448,5,56.036991119384766,0.8290143434702802,1.029192243093922,55.31839847564697,57.314558029174805,55.579519271850586,57.13676643371582
7,1,4194304,0,5,50,5,30.998003219482737,0.21089207802964344,0.2618151212311904,30.68604512391926,31.209970793227775,31.075223207122356,31.194116068640433,5,126.02086448669434,0.8604198745420686,1.0681811088764213,125.16032218933104,127.29727745056152,125.70303916931152,127.13075065612793
7,1,16777216,0,5,50,5,37.862147235070495,0.08291607080224915,0.10293739495541131,37.78038399296045,37.99960645915381,37.84257764865476,37.97270793769785,5,412.68287658691406,0.9020387888099647,1.119849531826989,411.18846893310547,413.5744094848633,412.8947067260742,413.48109436035156
7,1,67108864,0,5,50,5,39.89501942812865,0.07347133161973689,0.0912120823824144,39.82063603355355,39.98855405742751,39.90766286559818,39.97819608393856,5,1566.6158447265625,2.8848308864648504,3.5814164065712877,1562.9472351074219,1569.5379638671875,1566.1152648925781,1569.5313110351562
7,1,268435456,0,5,10,5,40.3654996232585,0.017606188582752095,0.021857465872020615,40.344360192596056,40.388410591924774,40.36591465112211,40.38591434876615,5,6193.408737182617,2.7012826018909997,3.353547646272359,6189.894485473633,6196.652984619141,6193.3441162109375,6196.391220092773
7,1,1073741824,0,5,10,5,40.27829396205915,0.018078568909375994,0.022443909486393274,40.24703138532731,40.291330121716264,40.28478669028414,40.2908867454785,5,24827.272033691406,11.149184262544658,13.841321383900942,24819.235229492188,24846.55303955078,24823.2666015625,24842.58331298828
7,2,1048576,0,5,50,5,17.578872280943667,0.132410387363431,0.16438285375021386,17.436423462614876,17.732056163517264,17.533396926142107,17.72666570266989,5,55.55571174621582,0.4178441901609749,0.5187389129304658,55.073280334472656,56.007041931152344,55.69727897644043,55.97440147399902
7,2,4194304,0,5,50,5,31.224986099079434,0.1873003589206775,0.23252682905694425,30.946339983321007,31.44974977255366,31.201355004157257,31.425663823859043,5,125.10374450683594,0.7520332783800034,0.9336229496551992,124.20607566833496,126.22655868530275,125.19488334655762,126.02278327941895
7,2,16777216,0,5,50,5,37.74109377966291,0.058414325740659585,0.07251933746548465,37.68032695043068,37.81063499804439,37.715484001719666,37.80770843212987,5,414.00575256347656,0.6405283314633594,0.7951934672980902,413.24352264404297,414.67262268066406,414.2860794067383,414.6227035522461
7,2,67108864,0,5,50,5,39.847543181649954,0.04550890003442475,0.05649770390112167,39.78240114374403,39.897653168610056,39.843803729189375,39.894684373836085,5,1568.4797668457031,1.7919284727374782,2.2246163758765722,1566.5081787109375,1571.0464477539062,1568.6253356933594,1570.6626892089844
7,2,268435456,0,5,10,5,40.28053205267271,0.05654789170337001,0.0702022250432992,40.1992123196944,40.3263892516783,40.311907974980485,40.32547768422918,5,6206.48193359375,8.719612112873858,10.825092738192527,6199.414443969727,6219.027328491211,6201.641464233398,6217.664108276367
7,2,1073741824,0,5,10,5,40.24770096806397,0.03133385402708673,0.03889988124442024,40.1969389947539,40.27936928762012,40.257011929186575,40.27607804752212,5,24846.151733398438,19.35498634092311,24.028536977877987,24826.605224609375,24877.516174316406,24840.39306640625,24871.91131591797
7,3,1048576,0,5,50,5,17.1834007130596,0.14717173843463843,0.1827085535885032,16.996701162722083,17.35452031021205,17.175970247328102,17.343659005377695,5,56.835073471069336,0.48704104509637325,0.6046443823676908,56.2713623046875,57.4560022354126,56.856322288513184,57.393537521362305
7,3,4194304,0,5,50,5,31.276400066345705,0.20322687249868107,0.25229903729811437,31.080920192528694,31.603636084747748,31.25744281608803,31.543149485098272,5,124.8986873626709,0.8076894660609476,1.0027181554168119,123.60128402709961,125.67999839782715,124.97023582458496,125.63327789306639
7,3,16777216,0,5,50,5,37.93482205431215,0.06264655870691252,0.07777350631568869,37.88650291483732,38.040992884774056,37.90673739506122,38.02092832619657,5,411.89158630371094,0.6790499568391611,0.8430167146766397,410.7411193847656,412.41600036621094,412.1958541870117,412.3883514404297
7,3,67108864,0,5,50,5,39.89249073044867,0.06262367730450025,0.07774509985679047,39.81136643670483,39.947284408768,39.9322088360931,39.94440633091503,5,1566.7139892578125,2.461005030662922,3.0552514654581486,1564.5619201660156,1569.9034118652344,1565.152587890625,1569.68798828125
7,3,268435456,0,5,10,5,40.333476480321856,0.014267373619591326,0.017712444150410112,40.31496558993179,40.355052540509924,40.332010431575156,40.35080652205178,5,6198.325729370117,2.1923205572859983,2.7216891115406634,6195.011138916016,6201.171112060547,6198.5504150390625,6200.661697387695
7,3,1073741824,0,5,10,5,40.34640540944576,0.014330222036284715,0.017790468256339093,40.32687313267613,40.36494005372794,40.342810471155715,40.36289993108268,5,24785.357971191406,8.803416584148545,10.929133051188135,24773.974609375,24797.360229492188,24787.564086914062,24795.419006347656
7,4,1048576,0,5,50,5,17.487930629893473,0.3290089663377046,0.40845309701840393,16.901627904059495,17.672499080348345,17.632268704754892,17.666247039613364,5,55.85830307006836,1.0775960548700265,1.3377977227973046,55.25887966156006,57.779197692871094,55.38496017456055,57.32569408416748
7,4,4194304,0,5,50,5,32.16534550929015,0.22750754283881977,0.28244263827199456,31.86864888210366,32.412751062316836,32.23438172984204,32.39380371195449,5,121.44768142700195,0.8606073785970176,1.068413888586956,120.51584243774414,122.57344245910645,121.18271827697754,122.47821044921875
7,4,16777216,0,5,50,5,38.34253022771294,0.07532894789233191,0.09351824785887262,38.24431694678886,38.446314593164125,38.34011274389404,38.43198022564963,5,407.5121841430664,0.8004682447251993,0.9937532622965001,406.4108657836914,408.55743408203125,407.53662109375,408.4231643676758
7,4,67108864,0,5,50,5,40.42806631999659,0.036626705590782335,0.04547077089923636,40.38038798691344,40.4617659525896,40.436600770605516,40.461685214818516,5,1545.9567260742188,1.4009442463751627,1.739223166321569,1544.6681213378906,1547.7810668945312,1545.6294250488281,1547.629150390625
7,4,268435456,0,5,10,5,40.97255674671209,0.034890753004864536,0.04331564662439384,40.937220995092545,41.02270833753246,40.965189777479935,41.0164578337077,5,6101.648635864258,5.194122316324602,6.4483207555430635,6094.185638427734,6106.911849975586,6102.742385864258,6106.643753051758
7,4,1073741824,0,5,10,5,41.334809783238185,0.0256202303264526,0.03180661773339988,41.292156689167456,41.35968448094214,41.33855523591317,41.357338051002095,5,24192.691650390625,15.003449465885286,18.626256507580376,24178.134155273438,24217.674255371094,24190.492248535156,24212.572021484375
7,5,1048576,0,5,50,5,17.487388652438053,0.14855410044869624,0.18442470756487525,17.31199055685015,17.66411106309831,17.499013330779118,17.650301052756557,5,55.8470401763916,0.47455262416459165,0.5891404456110861,55.28512001037598,56.40960216522217,55.80671787261963,56.3740177154541
7,5,4194304,0,5,50,5,31.74689349455588,0.3203902188496308,0.3977532241756987,31.52430804297773,32.30860523451465,31.603636084747748,32.1874743439229,5,123.05344009399414,1.2268614933271937,1.523105531560974,120.90432167053223,123.91231536865234,123.60128402709961,123.85689163208008
7,5,16777216,0,5,50,5,38.4521296224548,0.12163967337416565,0.15101138994184068,38.337159405553145,38.62330546847919,38.38803612861529,38.60568718377466,5,406.35265350341797,1.2835564515763678,1.5934903345648987,404.5484924316406,407.5680160522461,407.0278549194336,407.48353576660156
7,5,67108864,0,5,50,5,40.44147577094017,0.022230228462823014,0.02759804926941336,40.41576534543491,40.461126449219066,40.45040179316947,40.46102253289827,5,1545.4434814453125,0.8496442299851293,1.0548035239411413,1544.6925354003906,1546.4262390136719,1545.1020812988281,1546.3978271484375
7,5,268435456,0,5,10,5,40.84780534515511,0.09298452041164498,0.1154370221567876,40.77158431597978,40.99769481802926,40.81610282947469,40.97292497388878,5,6120.30517578125,13.906540482441784,17.26448246104898,6097.903823852539,6131.721496582031,6125.0335693359375,6131.474456787109
7,5,1073741824,0,5,10,5,41.18679820975832,0.02251400782492903,0.027950351398477936,41.14674708330929,41.2001660680522,41.19641334229224,41.19956313485093,5,24279.630432128906,13.281487040297721,16.48850052630832,24271.746826171875,24303.257751464844,24273.95782470703,24297.73956298828
7,6,1048576,0,5,50,5,17.669872707100797,0.14034127967862312,0.17422877851122678,17.480770085963908,17.828812754286922,17.701406656800668,17.81519914947503,5,55.269887924194336,0.4398641688358819,0.5460759444593061,54.77439880371094,55.86495876312256,55.16863822937012,55.803391456604004
7,6,4194304,0,5,50,5,31.52232414168354,0.1966755706491235,0.2441658257332734,31.312605143003655,31.758873236116752,31.480730273010796,31.745581630201556,5,123.92396926879883,0.7723939770341184,0.9589000432107453,122.99712181091309,124.75008010864258,124.08384323120117,124.70681571960449
7,6,16777216,0,5,50,5,38.42636861688858,0.0480120659262145,0.05960529659755569,38.35046917061399,38.47909498220764,38.42622469753655,38.47373789788982,5,406.62232971191406,0.5084497849931269,0.631222582382808,406.0646438598633,407.4265670776367,406.6233444213867,407.2711715698242
7,6,67108864,0,5,50,5,40.24618884764439,0.07332238321035389,0.09102716815413163,40.15204843576108,40.343320077952434,40.23607258210281,40.33245503208107,5,1552.9461975097656,2.8288666999989354,3.51193883111623,1549.2031860351562,1556.5830993652344,1553.33251953125,1556.1304931640625
7,6,268435456,0,5,10,5,40.77304649749093,0.08028948514506591,0.09967658094720151,40.69470359699427,40.86428817504002,40.73805652193994,40.86228793584177,5,6131.520614624023,12.067591406656346,14.981491654978615,6117.81120300293,6143.305587768555,6136.767959594727,6142.726364135742
7,6,1073741824,0,5,10,5,41.1728226215308,0.017559539911650025,0.021799553182298124,41.14308415303826,41.18782789576619,41.17495643349584,41.1869799715565,5,24287.869567871094,10.362802691792787,12.865056233479145,24279.017639160156,24305.421447753906,24286.607360839844,24301.69403076172
